config,run,generation,attempt,day,fitness,yield,saving_ratio,healthiness,survival_pct,alive_count,initial_count,deaths_today,cost,saving,food_interval,food_quantity,food_location,probiotic_interval,probiotic_quantity,probiotic_location,oxygen_interval,oxygen_duration,oxygen_location,early_quit
full,1,1,3,1,0.9831,1.0000,0.9625,0.9620,100.0,49,49,0,18.75,481.25,6,20,9,24,2,9,5,3,9,False
full,1,1,3,2,0.9544,1.0000,0.8765,0.9594,100.0,49,49,0,61.75,438.25,6,24,9,24,1,9,6,3,9,False
full,1,1,3,3,0.9305,1.0000,0.8054,0.9559,100.0,49,49,0,97.30,402.70,6,10,9,24,1,9,7,3,9,False
full,1,1,3,4,0.9118,1.0000,0.7549,0.9388,100.0,49,49,0,122.55,377.45,8,10,9,24,1,9,4,1,9,False
full,1,1,3,5,0.8869,0.9796,0.7204,0.9196,98.0,48,49,1,139.80,360.20,10,5,9,24,1,9,8,2,9,False
full,1,1,3,6,0.8480,0.9388,0.6874,0.8740,93.9,46,49,2,156.30,343.70,5,20,9,24,4,9,6,3,9,False
full,1,1,3,7,0.8149,0.9184,0.6114,0.9000,91.8,45,49,1,194.30,305.70,8,10,9,24,1,9,8,2,9,False
full,1,1,3,8,0.8026,0.9184,0.5769,0.8926,91.8,45,49,0,211.55,288.45,2,15,9,24,2,9,6,2,9,False
full,1,1,3,9,0.7756,0.8980,0.5159,0.9286,89.8,44,49,1,242.05,257.95,3,10,9,48,1,9,9,2,9,False
full,1,1,3,10,0.7651,0.8980,0.4779,0.9456,89.8,44,49,0,261.05,238.95,1,15,9,24,2,9,3,2,9,False
full,1,1,3,11,0.7293,0.8980,0.3589,0.9750,89.8,44,49,0,320.55,179.45,4,15,9,24,2,9,12,2,9,False
full,1,1,3,12,0.7180,0.8980,0.3269,0.9689,89.8,44,49,0,336.55,163.45,3,8,9,24,2,9,8,2,9,False
full,1,1,3,13,0.7035,0.8980,0.2875,0.9563,89.8,44,49,0,356.25,143.75,8,10,9,48,1,9,20,1,9,False
full,1,1,3,14,0.6992,0.8980,0.2795,0.9427,89.8,44,49,0,360.25,139.75,2,10,9,24,2,9,8,2,9,False
full,1,1,3,15,0.6870,0.8980,0.2345,0.9642,89.8,44,49,0,382.75,117.25,2,10,9,24,1,9,8,2,9,False
full,1,1,3,16,0.6718,0.8980,0.1910,0.9576,89.8,44,49,0,404.50,95.50,5,30,9,24,1,9,16,2,9,False
full,1,1,3,17,0.6590,0.8980,0.1545,0.9509,89.8,44,49,0,422.75,77.25,12,20,9,24,3,9,16,4,9,False
full,1,1,3,18,0.6350,0.8776,0.1260,0.9231,87.8,43,49,1,437.00,63.00,4,10,9,24,2,9,6,3,9,False
full,1,1,3,19,0.6111,0.8776,0.0570,0.9132,87.8,43,49,0,471.50,28.50,6,10,9,24,1,9,8,4,9,False
full,1,1,3,20,0.0000,0.8776,0.0000,0.8979,87.8,43,49,0,501.75,0.00,6,10,9,24,1,9,8,4,9,False
full,1,2,3,1,0.8818,0.8163,0.9610,0.9642,100.0,40,40,0,19.50,480.50,5,18,9,144,1,9,8,2,9,False
full,1,2,3,2,0.8678,0.8163,0.9220,0.9544,100.0,40,40,0,39.00,461.00,6,25,9,144,3,9,8,1,9,False
full,1,2,3,3,0.8583,0.8163,0.8970,0.9445,100.0,40,40,0,51.50,448.50,3,15,9,144,3,9,8,2,9,False
full,1,2,3,4,0.8439,0.8163,0.8550,0.9399,100.0,40,40,0,72.50,427.50,8,10,9,48,1,9,20,1,9,False
full,1,2,3,5,0.8397,0.8163,0.8455,0.9307,100.0,40,40,0,77.25,422.75,12,20,9,24,1,9,12,4,9,False
full,1,2,3,6,0.8251,0.8163,0.8000,0.9341,100.0,40,40,0,100.00,400.00,8,20,9,24,1,9,10,2,9,False
full,1,2,3,7,0.8147,0.8163,0.7725,0.9231,100.0,40,40,0,113.75,386.25,8,20,9,24,1,9,6,3,9,False
full,1,2,3,8,0.7719,0.7755,0.7050,0.9394,95.0,38,40,2,147.50,352.50,8,10,9,48,1,9,20,1,9,False
full,1,2,3,9,0.7594,0.7551,0.6955,0.9547,92.5,37,40,1,152.25,347.75,1,10,9,24,2,9,8,2,9,False
full,1,2,3,10,0.7433,0.7551,0.6385,0.9770,92.5,37,40,0,180.75,319.25,4,10,9,24,3,9,8,4,9,False
full,1,2,3,11,0.7198,0.7551,0.5680,0.9754,92.5,37,40,0,216.00,284.00,6,10,9,24,2,9,6,2,9,False
full,1,2,3,12,0.7044,0.7551,0.5210,0.9766,92.5,37,40,0,239.50,260.50,6,18,9,48,1,9,15,2,9,False
full,1,2,3,13,0.6969,0.7551,0.5023,0.9655,92.5,37,40,0,248.85,251.15,4,20,9,24,3,9,16,4,9,False
full,1,2,3,14,0.6859,0.7551,0.4658,0.9739,92.5,37,40,0,267.10,232.90,3,20,9,24,2,9,4,1,9,False
full,1,2,3,15,0.6702,0.7551,0.4168,0.9775,92.5,37,40,0,291.60,208.40,8,20,9,24,2,9,16,3,9,False
full,1,2,3,16,0.6618,0.7551,0.3928,0.9738,92.5,37,40,0,303.60,196.40,2,15,9,24,1,9,6,3,9,False
full,1,2,3,17,0.6363,0.7551,0.3133,0.9800,92.5,37,40,0,343.35,156.65,3,10,9,24,1,9,2,2,9,False
full,1,2,3,18,0.5927,0.7551,0.1838,0.9726,92.5,37,40,0,408.10,91.90,12,7,9,24,3,9,12,2,9,False
full,1,2,3,19,0.5822,0.7551,0.1579,0.9562,92.5,37,40,0,421.05,78.95,8,10,9,48,1,9,20,1,9,False
full,1,2,3,20,0.5791,0.7551,0.1499,0.9528,92.5,37,40,0,425.05,74.95,2,15,9,24,2,9,12,2,9,False
full,1,2,3,21,0.5665,0.7551,0.1089,0.9605,92.5,37,40,0,445.55,54.45,2,10,9,24,1,9,6,4,9,False
full,1,2,3,22,0.5365,0.7551,0.0154,0.9672,92.5,37,40,0,492.30,7.70,1,15,9,24,1,9,20,2,9,False
full,1,2,3,23,0.0000,0.7551,0.0000,0.9681,92.5,37,40,0,500.55,0.00,1,15,9,24,1,9,20,2,9,False
full,1,3,2,1,0.9809,1.0000,0.9665,0.9329,100.0,49,49,0,16.75,483.25,8,10,9,48,1,9,20,1,9,False
full,1,3,2,2,0.9788,1.0000,0.9585,0.9374,100.0,49,49,0,20.75,479.25,8,10,9,48,1,9,20,1,9,False
full,1,3,2,3,0.9757,1.0000,0.9490,0.9375,100.0,49,49,0,25.50,474.50,6,20,9,24,3,9,4,1,9,False
full,1,3,2,4,0.9636,1.0000,0.9065,0.9537,100.0,49,49,0,46.75,453.25,2,5,9,24,1,9,8,4,9,False
full,1,3,2,5,0.9423,1.0000,0.8390,0.9618,100.0,49,49,0,80.50,419.50,8,10,9,48,1,9,20,1,9,False
full,1,3,2,6,0.9356,1.0000,0.8260,0.9415,100.0,49,49,0,87.00,413.00,3,25,9,24,4,9,10,4,9,False
full,1,3,2,7,0.9166,1.0000,0.7600,0.9654,100.0,49,49,0,120.00,380.00,2,15,9,24,2,9,8,3,9,False
full,1,3,2,8,0.8947,1.0000,0.6940,0.9641,100.0,49,49,0,153.00,347.00,6,10,9,24,1,9,8,2,9,False
full,1,3,2,9,0.8805,1.0000,0.6585,0.9431,100.0,49,49,0,170.75,329.25,2,10,9,24,1,9,8,2,9,False
full,1,3,2,10,0.8575,0.9796,0.6150,0.9648,98.0,48,49,1,192.50,307.50,1,10,9,24,1,9,8,2,9,False
full,1,3,2,11,0.8405,0.9796,0.5595,0.9755,98.0,48,49,0,220.25,279.75,4,15,9,24,1,9,12,2,9,False
full,1,3,2,12,0.8304,0.9796,0.5290,0.9758,98.0,48,49,0,235.50,264.50,8,25,9,24,3,9,12,2,9,False
full,1,3,2,13,0.8186,0.9796,0.4970,0.9649,98.0,48,49,0,251.50,248.50,12,25,9,24,2,9,16,4,9,False
full,1,3,2,14,0.8088,0.9796,0.4690,0.9607,98.0,48,49,0,265.50,234.50,8,10,9,48,1,9,20,1,9,False
full,1,3,2,15,0.8042,0.9796,0.4595,0.9482,98.0,48,49,0,270.25,229.75,3,10,9,24,2,9,8,2,9,False
full,1,3,2,16,0.7902,0.9796,0.4185,0.9444,98.0,48,49,0,290.75,209.25,4,10,9,24,2,9,2,2,9,False
full,1,3,2,17,0.7470,0.9796,0.2895,0.9392,98.0,48,49,0,355.25,144.75,6,15,9,24,1,9,10,2,9,False
full,1,3,2,18,0.7343,0.9796,0.2520,0.9362,98.0,48,49,0,374.00,126.00,6,15,9,24,2,9,4,2,9,False
full,1,3,2,19,0.7098,0.9796,0.1830,0.9221,98.0,48,49,0,408.50,91.50,1,5,9,24,1,9,8,2,9,False
full,1,3,2,20,0.6988,0.9796,0.1395,0.9497,98.0,48,49,0,430.25,69.75,4,15,9,24,2,9,8,2,9,False
full,1,3,2,21,0.6753,0.9592,0.0975,0.9634,95.9,47,49,1,451.25,48.75,4,10,9,24,2,9,12,2,9,False
full,1,3,2,22,0.6631,0.9592,0.0685,0.9416,95.9,47,49,0,465.75,34.25,8,15,9,24,1,9,4,2,9,False
full,1,3,2,23,0.6293,0.9388,0.0025,0.9344,93.9,46,49,1,498.75,1.25,8,10,9,48,1,9,20,1,9,False
full,1,3,2,24,0.0000,0.9388,0.0000,0.9282,93.9,46,49,0,502.25,0.00,8,10,9,48,1,9,20,1,9,False
full,1,4,1,1,0.9561,1.0000,0.8755,0.9770,100.0,49,49,0,62.25,437.75,6,5,9,24,1,9,12,3,9,False
full,1,4,1,2,0.9450,1.0000,0.8420,0.9762,100.0,49,49,0,79.00,421.00,8,10,9,48,1,9,20,1,9,False
full,1,4,1,3,0.9416,1.0000,0.8325,0.9740,100.0,49,49,0,83.75,416.25,2,20,8,24,1,9,4,2,9,False
full,1,4,1,4,0.9136,1.0000,0.7470,0.9754,100.0,49,49,0,126.50,373.50,2,10,9,24,1,9,6,2,9,False
full,1,4,1,5,0.8961,1.0000,0.6935,0.9774,100.0,49,49,0,153.25,346.75,4,5,9,24,2,9,8,2,9,False
full,1,4,1,6,0.8825,1.0000,0.6575,0.9624,100.0,49,49,0,171.25,328.75,1,12,9,24,2,9,1,4,9,False
full,1,4,1,7,0.8321,1.0000,0.5057,0.9603,100.0,49,49,0,247.15,252.85,2,15,9,24,1,9,16,1,9,False
full,1,4,1,8,0.8055,0.9796,0.4662,0.9407,98.0,48,49,1,266.90,233.10,3,15,9,24,2,9,6,2,9,False
full,1,4,1,9,0.7882,0.9796,0.4112,0.9476,98.0,48,49,0,294.40,205.60,3,10,9,24,2,9,5,2,9,False
full,1,4,1,10,0.7720,0.9796,0.3602,0.9533,98.0,48,49,0,319.90,180.10,10,15,9,24,1,9,6,4,9,False
full,1,4,1,11,0.7419,0.9796,0.2742,0.9383,98.0,48,49,0,362.90,137.10,6,20,9,24,3,9,8,2,9,False
full,1,4,1,12,0.7168,0.9592,0.2317,0.9397,95.9,47,49,1,384.15,115.85,4,12,9,24,2,9,8,2,9,False
full,1,4,1,13,0.6937,0.9388,0.1915,0.9513,93.9,46,49,1,404.25,95.75,6,10,9,24,2,9,6,2,9,False
full,1,4,1,14,0.6776,0.9388,0.1445,0.9469,93.9,46,49,0,427.75,72.25,2,15,9,24,2,9,6,3,9,False
full,1,4,1,15,0.6520,0.9388,0.0635,0.9556,93.9,46,49,0,468.25,31.75,12,30,9,24,1,9,15,4,9,False
full,1,4,1,16,0.6340,0.9388,0.0160,0.9369,93.9,46,49,0,492.00,8.00,4,30,9,24,1,9,12,2,9,False
full,1,4,1,17,0.0000,0.9388,0.0000,0.9432,93.9,46,49,0,500.75,0.00,4,30,9,24,1,9,12,2,9,False
full,1,5,2,1,0.9787,1.0000,0.9460,0.9711,100.0,49,49,0,27.00,473.00,4,15,9,24,1,9,6,3,9,False
full,1,5,2,2,0.9439,0.9796,0.8755,0.9681,98.0,48,49,1,62.25,437.75,4,20,9,48,1,9,4,2,9,False
full,1,5,2,3,0.9189,0.9796,0.8020,0.9621,98.0,48,49,0,99.00,401.00,8,20,9,48,1,9,10,2,9,False
full,1,5,2,4,0.9094,0.9796,0.7760,0.9547,98.0,48,49,0,112.00,388.00,2,25,9,48,1,9,5,4,9,False
full,1,5,2,5,0.8724,0.9796,0.6645,0.9527,98.0,48,49,0,167.75,332.25,4,10,9,24,3,9,8,2,9,False
full,1,5,2,6,0.8581,0.9796,0.6240,0.9454,98.0,48,49,0,188.00,312.00,6,15,9,24,2,9,12,2,9,False
full,1,5,2,7,0.8477,0.9796,0.5950,0.9378,98.0,48,49,0,202.50,297.50,8,20,9,24,2,9,10,2,9,False
full,1,5,2,8,0.8346,0.9796,0.5560,0.9358,98.0,48,49,0,222.00,278.00,12,10,9,24,2,9,4,2,9,False
full,1,5,2,9,0.8027,0.9592,0.4910,0.9425,95.9,47,49,1,254.50,245.50,6,15,9,24,2,9,12,2,9,False
full,1,5,2,10,0.7920,0.9592,0.4620,0.9331,95.9,47,49,0,269.00,231.00,3,15,9,24,2,9,8,2,9,False
full,1,5,2,11,0.7786,0.9592,0.4170,0.9453,95.9,47,49,0,291.50,208.50,2,10,9,48,1,9,2,1,9,False
full,1,5,2,12,0.7531,0.9592,0.3450,0.9305,95.9,47,49,0,327.50,172.50,4,20,9,24,2,9,6,3,9,False
full,1,5,2,13,0.7273,0.9592,0.2700,0.9219,95.9,47,49,0,365.00,135.00,4,8,9,24,1,9,12,1,9,False
full,1,5,2,14,0.7104,0.9388,0.2537,0.9197,93.9,46,49,1,373.15,126.85,8,30,9,24,1,9,6,4,9,False
full,1,5,2,15,0.6799,0.9388,0.1632,0.9140,93.9,46,49,0,418.40,81.60,8,10,9,48,1,9,20,1,9,False
full,1,5,2,16,0.6746,0.9388,0.1502,0.9055,93.9,46,49,0,424.90,75.10,6,10,9,24,1,9,12,2,9,False
full,1,5,2,17,0.6485,0.8980,0.1247,0.9452,89.8,44,49,2,437.65,62.35,4,5,9,24,1,9,8,2,9,False
full,1,5,2,18,0.6271,0.8776,0.0902,0.9556,87.8,43,49,1,454.90,45.10,4,5,9,24,1,9,8,2,9,True
no_planning,1,1,3,1,0.7738,0.6122,0.9685,0.9790,100.0,30,30,0,15.75,484.25,6,25,9,48,1,9,12,2,9,False
no_planning,1,1,3,2,0.7641,0.6122,0.9385,0.9802,100.0,30,30,0,30.75,469.25,8,15,9,24,1,9,8,4,9,False
no_planning,1,1,3,3,0.7420,0.6122,0.8725,0.9776,100.0,30,30,0,63.75,436.25,6,15,9,48,2,9,12,4,9,False
no_planning,1,1,3,4,0.7274,0.6122,0.8265,0.9825,100.0,30,30,0,86.75,413.25,6,25,9,48,1,9,20,2,9,False
no_planning,1,1,3,5,0.7208,0.6122,0.8050,0.9865,100.0,30,30,0,97.50,402.50,6,10,9,48,2,9,12,4,9,False
no_planning,1,1,3,6,0.7057,0.6122,0.7610,0.9817,100.0,30,30,0,119.50,380.50,2,5,9,48,1,9,8,2,9,False
no_planning,1,1,3,7,0.6930,0.6122,0.7235,0.9794,100.0,30,30,0,138.25,361.75,2,5,9,48,1,9,8,2,9,False
no_planning,1,1,3,8,0.6807,0.6122,0.6875,0.9755,100.0,30,30,0,156.25,343.75,2,8,9,24,1,9,6,2,9,False
no_planning,1,1,3,9,0.6636,0.6122,0.6364,0.9740,100.0,30,30,0,181.80,318.20,8,15,9,32,2,9,16,2,9,False
no_planning,1,1,3,10,0.6556,0.6122,0.6189,0.9556,100.0,30,30,0,190.55,309.45,6,30,9,48,1,9,8,2,9,False
no_planning,1,1,3,11,0.6427,0.6122,0.5754,0.9673,100.0,30,30,0,212.30,287.70,1,30,9,24,1,9,5,2,9,False
no_planning,1,1,3,12,0.6022,0.6122,0.4519,0.9696,100.0,30,30,0,274.05,225.95,4,25,9,48,1,9,8,2,9,False
no_planning,1,1,3,13,0.5859,0.6122,0.4054,0.9618,100.0,30,30,0,297.30,202.70,2,5,9,24,1,9,8,3,9,False
no_planning,1,1,3,14,0.5694,0.6122,0.3529,0.9687,100.0,30,30,0,323.55,176.45,8,10,9,48,1,9,16,2,9,False
no_planning,1,1,3,15,0.5602,0.6122,0.3284,0.9595,100.0,30,30,0,335.80,164.20,8,9,9,24,2,9,6,3,9,False
no_planning,1,1,3,16,0.5372,0.6122,0.2627,0.9485,100.0,30,30,0,368.65,131.35,12,10,9,24,1,9,15,4,9,False
no_planning,1,1,3,17,0.5257,0.6122,0.2242,0.9582,100.0,30,30,0,387.90,112.10,4,10,9,24,2,9,8,4,9,False
no_planning,1,1,3,18,0.5016,0.6122,0.1552,0.9469,100.0,30,30,0,422.40,77.60,2,30,9,168,1,9,6,2,9,False
no_planning,1,1,3,19,0.4786,0.6122,0.0792,0.9645,100.0,30,30,0,460.40,39.60,2,8,9,24,2,9,6,3,9,False
no_planning,1,1,3,20,0.4542,0.6122,0.0066,0.9606,100.0,30,30,0,496.70,3.30,4,25,9,48,1,9,8,2,9,False
no_planning,1,1,3,21,0.0000,0.6122,0.0000,0.9594,100.0,30,30,0,501.20,0.00,4,25,9,48,1,9,8,2,9,False
no_planning,1,2,3,1,0.7606,0.6122,0.9265,0.9840,100.0,30,30,0,36.75,463.25,3,15,9,24,1,9,6,4,9,False
no_planning,1,2,3,2,0.7302,0.6122,0.8330,0.9882,100.0,30,30,0,83.50,416.50,3,10,9,24,1,9,6,4,9,False
no_planning,1,2,3,3,0.7005,0.6122,0.7435,0.9865,100.0,30,30,0,128.25,371.75,6,10,9,24,1,9,8,2,9,False
no_planning,1,2,3,4,0.6865,0.6122,0.7080,0.9678,100.0,30,30,0,146.00,354.00,4,10,9,24,1,9,8,2,9,False
no_planning,1,2,3,5,0.6738,0.6122,0.6705,0.9653,100.0,30,30,0,164.75,335.25,2,8,9,32,1,9,16,4,9,False
no_planning,1,2,3,6,0.6531,0.5918,0.6394,0.9717,96.7,29,30,1,180.30,319.70,4,15,9,48,1,9,8,2,9,False
no_planning,1,2,3,7,0.6412,0.5918,0.5989,0.9838,96.7,29,30,0,200.55,299.45,6,15,9,30,1,9,8,2,9,False
no_planning,1,2,3,8,0.6290,0.5918,0.5614,0.9852,96.7,29,30,0,219.30,280.70,10,30,9,48,1,9,6,4,9,False
no_planning,1,2,3,9,0.5994,0.5918,0.4739,0.9790,96.7,29,30,0,263.05,236.95,9,14,9,24,1,9,6,2,9,False
no_planning,1,2,3,10,0.5829,0.5918,0.4282,0.9673,96.7,29,30,0,285.90,214.10,4,30,9,24,1,9,8,3,9,False
no_planning,1,2,3,11,0.5635,0.5918,0.3637,0.9833,96.7,29,30,0,318.15,181.85,6,15,9,24,1,9,15,4,9,False
no_planning,1,2,3,12,0.5497,0.5918,0.3212,0.9847,96.7,29,30,0,339.40,160.60,8,25,9,24,4,9,16,2,9,False
no_planning,1,2,3,13,0.5361,0.5918,0.2877,0.9640,96.7,29,30,0,356.15,143.85,12,5,9,48,1,9,16,4,9,False
no_planning,1,2,3,14,0.5269,0.5918,0.2667,0.9449,96.7,29,30,0,366.65,133.35,12,30,9,24,1,9,20,4,9,False
no_planning,1,2,3,15,0.5190,0.5918,0.2392,0.9542,96.7,29,30,0,380.40,119.60,8,15,9,24,1,9,15,2,9,False
no_planning,1,2,3,16,0.5105,0.5918,0.2132,0.9550,96.7,29,30,0,393.40,106.60,6,18,9,24,1,9,12,2,9,False
no_planning,1,2,3,17,0.5036,0.5918,0.1845,0.9768,96.7,29,30,0,407.75,92.25,6,17,9,24,3,9,8,2,9,False
no_planning,1,2,3,18,0.4889,0.5918,0.1432,0.9676,96.7,29,30,0,428.40,71.60,3,15,9,24,1,9,6,2,9,False
no_planning,1,2,3,19,0.4730,0.5918,0.0897,0.9823,96.7,29,30,0,455.15,44.85,8,25,9,48,1,9,8,2,9,False
no_planning,1,2,3,20,0.4608,0.5918,0.0522,0.9841,96.7,29,30,0,473.90,26.10,8,7,9,48,1,9,16,2,9,False
no_planning,1,2,3,21,0.4512,0.5918,0.0286,0.9688,96.7,29,30,0,485.70,14.30,8,30,9,24,1,9,5,1,9,False
no_planning,1,2,3,22,0.0000,0.5918,0.0000,0.9875,96.7,29,30,0,500.95,0.00,8,30,9,24,1,9,5,1,9,False
no_planning,1,3,3,1,0.9865,1.0000,0.9710,0.9671,100.0,49,49,0,14.50,485.50,3,20,9,24,1,9,4,2,9,False
no_planning,1,3,3,2,0.9621,1.0000,0.8935,0.9767,100.0,49,49,0,53.25,446.75,2,20,9,24,2,9,5,1,9,False
no_planning,1,3,3,3,0.9456,1.0000,0.8415,0.9825,100.0,49,49,0,79.25,420.75,2,20,9,24,1,9,5,1,9,False
no_planning,1,3,3,4,0.9291,1.0000,0.7910,0.9842,100.0,49,49,0,104.50,395.50,3,20,9,24,1,9,4,1,9,False
no_planning,1,3,3,5,0.9127,1.0000,0.7435,0.9776,100.0,49,49,0,128.25,371.75,2,20,9,24,1,9,5,1,9,False
no_planning,1,3,3,6,0.8971,1.0000,0.6930,0.9870,100.0,49,49,0,153.50,346.50,4,25,9,48,1,9,8,2,9,False
no_planning,1,3,3,7,0.8815,1.0000,0.6465,0.9842,100.0,49,49,0,176.75,323.25,4,25,9,96,1,9,8,2,9,False
no_planning,1,3,3,8,0.8662,1.0000,0.6015,0.9805,100.0,49,49,0,199.25,300.75,4,25,9,48,1,9,8,2,9,False
no_planning,1,3,3,9,0.8510,1.0000,0.5550,0.9821,100.0,49,49,0,222.50,277.50,6,15,9,24,2,9,10,2,9,False
no_planning,1,3,3,10,0.8401,1.0000,0.5260,0.9713,100.0,49,49,0,237.00,263.00,8,6,9,36,1,9,12,4,9,False
no_planning,1,3,3,11,0.8247,1.0000,0.4827,0.9615,100.0,49,49,0,258.65,241.35,8,15,9,24,2,9,10,2,9,False
no_planning,1,3,3,12,0.8152,1.0000,0.4552,0.9584,100.0,49,49,0,272.40,227.60,8,25,9,48,1,9,8,2,9,False
no_planning,1,3,3,13,0.7926,0.9796,0.4162,0.9710,98.0,48,49,1,291.90,208.10,6,25,9,24,1,9,15,2,9,False
no_planning,1,3,3,14,0.7838,0.9796,0.3847,0.9837,98.0,48,49,0,307.65,192.35,4,25,9,24,3,9,8,2,9,False
no_planning,1,3,3,15,0.7686,0.9796,0.3352,0.9933,98.0,48,49,0,332.40,167.60,8,25,9,24,3,9,20,4,9,False
no_planning,1,3,3,16,0.7507,0.9796,0.2832,0.9873,98.0,48,49,0,358.40,141.60,1,20,9,24,2,9,4,2,9,False
no_planning,1,3,3,17,0.7145,0.9796,0.1722,0.9909,98.0,48,49,0,413.90,86.10,8,25,9,24,1,9,10,2,9,False
no_planning,1,3,3,18,0.7000,0.9796,0.1332,0.9774,98.0,48,49,0,433.40,66.60,12,5,9,24,1,9,12,4,9,False
no_planning,1,3,3,19,0.6862,0.9796,0.0907,0.9788,98.0,48,49,0,454.65,45.35,8,20,9,24,2,9,12,2,9,False
no_planning,1,3,3,20,0.6770,0.9796,0.0617,0.9822,98.0,48,49,0,469.15,30.85,8,25,9,24,2,9,8,2,9,False
no_planning,1,3,3,21,0.6631,0.9796,0.0212,0.9777,98.0,48,49,0,489.40,10.60,12,5,9,24,1,9,6,2,9,False
no_planning,1,3,3,22,0.0000,0.9796,0.0000,0.9632,98.0,48,49,0,500.40,0.00,12,5,9,24,1,9,6,2,9,False
no_planning,1,4,3,1,0.7695,0.6122,0.9652,0.9520,100.0,30,30,0,17.40,482.60,6,15,9,24,2,9,4,2,9,False
no_planning,1,4,3,2,0.7495,0.6122,0.8962,0.9753,100.0,30,30,0,51.90,448.10,6,15,9,24,1,9,4,1,9,False
no_planning,1,4,3,3,0.7378,0.6122,0.8587,0.9808,100.0,30,30,0,70.65,429.35,6,15,9,24,2,9,4,2,9,False
no_planning,1,4,3,4,0.7140,0.6122,0.7897,0.9726,100.0,30,30,0,105.15,394.85,6,15,9,24,2,9,4,2,9,False
no_planning,1,4,3,5,0.6924,0.6122,0.7207,0.9822,100.0,30,30,0,139.65,360.35,6,15,9,24,1,9,4,1,9,False
no_planning,1,4,3,6,0.6791,0.6122,0.6832,0.9746,100.0,30,30,0,158.40,341.60,6,15,9,24,1,9,8,4,9,False
no_planning,1,4,3,7,0.6558,0.6122,0.6157,0.9661,100.0,30,30,0,192.15,307.85,6,15,9,24,1,9,8,4,9,False
no_planning,1,4,3,8,0.6339,0.6122,0.5482,0.9690,100.0,30,30,0,225.90,274.10,8,25,9,24,2,9,8,2,9,False
no_planning,1,4,3,9,0.6225,0.6122,0.5077,0.9853,100.0,30,30,0,246.15,253.85,8,20,9,24,3,9,6,4,9,False
no_planning,1,4,3,10,0.5917,0.6122,0.4172,0.9771,100.0,30,30,0,291.40,208.60,6,20,9,24,2,9,12,2,9,False
no_planning,1,4,3,11,0.5824,0.6122,0.3862,0.9852,100.0,30,30,0,306.90,193.10,4,30,9,24,2,9,5,2,9,False
no_planning,1,4,3,12,0.5590,0.6122,0.3152,0.9854,100.0,30,30,0,342.40,157.60,3,25,9,24,1,9,8,2,9,False
no_planning,1,4,3,13,0.5416,0.6122,0.2637,0.9821,100.0,30,30,0,368.15,131.85,8,25,9,24,2,9,8,2,9,False
no_planning,1,4,3,14,0.5258,0.6122,0.2232,0.9618,100.0,30,30,0,388.40,111.60,4,20,9,48,1,9,6,3,9,False
no_planning,1,4,3,15,0.4980,0.6122,0.1497,0.9320,100.0,30,30,0,425.15,74.85,4,20,9,24,1,9,8,3,9,False
no_planning,1,4,3,16,0.4795,0.6122,0.0912,0.9388,100.0,30,30,0,454.40,45.60,4,20,9,24,1,9,8,3,9,True
no_planning,1,5,3,1,0.7509,0.6122,0.8995,0.9776,100.0,30,30,0,50.25,449.75,3,20,9,24,1,9,20,4,9,False
no_planning,1,5,3,2,0.7399,0.6122,0.8620,0.9891,100.0,30,30,0,69.00,431.00,8,30,9,24,1,9,16,4,9,False
no_planning,1,5,3,3,0.7227,0.6122,0.8115,0.9848,100.0,30,30,0,94.25,405.75,6,15,9,24,1,9,10,3,9,False
no_planning,1,5,3,4,0.7084,0.6122,0.7740,0.9689,100.0,30,30,0,113.00,387.00,8,25,9,24,1,9,16,3,9,False
no_planning,1,5,3,5,0.6957,0.6122,0.7350,0.9699,100.0,30,30,0,132.50,367.50,4,20,9,24,3,9,6,4,9,False
no_planning,1,5,3,6,0.6651,0.6122,0.6385,0.9807,100.0,30,30,0,180.75,319.25,4,20,9,24,1,9,10,4,9,False
no_planning,1,5,3,7,0.6478,0.6122,0.5850,0.9833,100.0,30,30,0,207.50,292.50,2,10,9,24,1,9,5,3,9,False
no_planning,1,5,3,8,0.6211,0.6122,0.5015,0.9906,100.0,30,30,0,249.25,250.75,4,25,9,24,3,9,20,4,9,False
no_planning,1,5,3,9,0.6053,0.6122,0.4570,0.9816,100.0,30,30,0,271.50,228.50,4,15,9,48,1,9,8,4,9,False
no_planning,1,5,3,10,0.5821,0.6122,0.3880,0.9780,100.0,30,30,0,306.00,194.00,6,15,9,24,2,9,8,2,9,False
no_planning,1,5,3,11,0.5712,0.6122,0.3490,0.9945,100.0,30,30,0,325.50,174.50,8,20,9,24,3,9,16,4,9,False
no_planning,1,5,3,12,0.5453,0.6122,0.3185,0.8618,100.0,30,30,0,340.75,159.25,6,15,9,24,2,9,8,3,9,False
no_planning,1,5,3,13,0.5095,0.5918,0.2645,0.8061,96.7,29,30,1,367.75,132.25,2,25,9,24,2,9,6,2,9,False
no_planning,1,5,3,14,0.4876,0.5918,0.1915,0.8243,96.7,29,30,0,404.25,95.75,3,20,9,24,1,9,5,2,9,False
no_planning,1,5,3,15,0.4720,0.5918,0.1340,0.8526,96.7,29,30,0,433.00,67.00,12,15,9,24,1,9,20,3,9,False
no_planning,1,5,3,16,0.4640,0.5918,0.0995,0.8806,96.7,29,30,0,450.25,49.75,3,20,9,24,1,9,4,1,9,False
no_planning,1,5,3,17,0.4491,0.5918,0.0520,0.8867,96.7,29,30,0,474.00,26.00,2,25,9,24,2,9,4,4,9,False
no_planning,1,5,3,18,0.0000,0.5918,0.0000,0.8977,96.7,29,30,0,500.50,0.00,2,25,9,24,2,9,4,4,9,False
no_memory,1,1,3,1,0.9853,1.0000,0.9775,0.9393,100.0,49,49,0,11.25,488.75,6,15,9,24,1,9,10,3,9,False
no_memory,1,1,3,2,0.9628,0.9796,0.9400,0.9482,98.0,48,49,1,30.00,470.00,12,10,9,24,1,9,10,1,9,False
no_memory,1,1,3,3,0.9561,0.9796,0.9215,0.9437,98.0,48,49,0,39.25,460.75,6,10,9,24,2,9,4,3,9,False
no_memory,1,1,3,4,0.9228,0.9796,0.8245,0.9325,98.0,48,49,0,87.75,412.25,8,10,9,48,1,9,20,1,9,False
no_memory,1,1,3,5,0.9204,0.9796,0.8150,0.9391,98.0,48,49,0,92.50,407.50,8,10,9,48,1,9,20,1,9,False
no_memory,1,1,3,6,0.9128,0.9796,0.8020,0.9110,98.0,48,49,0,99.00,401.00,8,25,9,24,2,9,4,3,9,False
no_memory,1,1,3,7,0.8681,0.9592,0.7015,0.9092,95.9,47,49,1,149.25,350.75,10,15,9,24,2,9,4,3,9,False
no_memory,1,1,3,8,0.8238,0.9388,0.6040,0.9013,93.9,46,49,1,198.00,302.00,12,20,9,24,3,9,6,2,9,False
no_memory,1,1,3,9,0.8057,0.9388,0.5555,0.8835,93.9,46,49,0,222.25,277.75,6,15,9,24,3,9,8,1,9,False
no_memory,1,1,3,10,0.7898,0.9184,0.5300,0.9149,91.8,45,49,1,235.00,265.00,12,5,9,24,1,9,16,3,9,False
no_memory,1,1,3,11,0.7741,0.9184,0.4975,0.8738,91.8,45,49,0,251.25,248.75,8,10,9,48,1,9,20,1,9,False
no_memory,1,1,3,12,0.7677,0.9184,0.4895,0.8426,91.8,45,49,0,255.25,244.75,5,29,9,24,2,9,5,4,9,False
no_memory,1,1,3,13,0.7174,0.8776,0.3820,0.9053,87.8,43,49,2,309.00,191.00,8,15,9,24,2,9,5,3,9,False
no_memory,1,1,3,14,0.6811,0.8571,0.2995,0.9232,85.7,42,49,1,350.25,149.75,8,10,9,48,1,9,20,1,9,False
no_memory,1,1,3,15,0.6637,0.8367,0.2800,0.9259,83.7,41,49,1,360.00,140.00,4,10,9,24,3,9,2,1,9,False
no_memory,1,1,3,16,0.6425,0.8367,0.2095,0.9433,83.7,41,49,0,395.25,104.75,12,10,9,24,1,9,6,1,9,False
no_memory,1,1,3,17,0.6341,0.8367,0.1860,0.9375,83.7,41,49,0,407.00,93.00,9,15,9,48,1,9,20,1,9,False
no_memory,1,1,3,18,0.6300,0.8367,0.1780,0.9257,83.7,41,49,0,411.00,89.00,8,10,9,24,1,9,15,1,9,False
no_memory,1,1,3,19,0.6124,0.8163,0.1635,0.9124,81.6,40,49,1,418.25,81.75,4,11,9,48,1,9,3,4,9,False
no_memory,1,1,3,20,0.5596,0.7959,0.0369,0.9143,79.6,39,49,1,481.55,18.45,10,15,9,24,3,9,15,2,9,False
no_memory,1,1,3,21,0.5512,0.7959,0.0079,0.9240,79.6,39,49,0,496.05,3.95,10,10,9,24,1,9,10,1,9,False
no_memory,1,1,3,22,0.0000,0.7959,0.0000,0.9363,79.6,39,49,0,502.80,0.00,10,10,9,24,1,9,10,1,9,False
no_memory,1,2,3,1,0.9886,1.0000,0.9780,0.9651,100.0,49,49,0,11.00,489.00,8,24,9,24,2,9,20,1,9,False
no_memory,1,2,3,2,0.9829,1.0000,0.9628,0.9594,100.0,49,49,0,18.60,481.40,10,10,9,48,1,9,20,1,9,False
no_memory,1,2,3,3,0.9776,1.0000,0.9533,0.9414,100.0,49,49,0,23.35,476.65,12,5,9,24,1,9,4,3,9,False
no_memory,1,2,3,4,0.9438,1.0000,0.8608,0.9144,100.0,49,49,0,69.60,430.40,8,19,9,24,3,9,5,4,9,False
no_memory,1,2,3,5,0.9054,0.9796,0.7706,0.9362,98.0,48,49,1,114.70,385.30,12,15,9,24,3,9,4,2,9,False
no_memory,1,2,3,6,0.8807,0.9796,0.7031,0.9156,98.0,48,49,0,148.45,351.55,1,5,9,24,1,9,1,1,9,False
no_memory,1,2,3,7,0.8288,0.9592,0.5696,0.9443,95.9,47,49,1,215.20,284.80,8,10,9,48,1,9,20,1,9,False
no_memory,1,2,3,8,0.8235,0.9592,0.5616,0.9220,95.9,47,49,0,219.20,280.80,8,25,9,48,1,9,10,4,9,False
no_memory,1,2,3,9,0.8094,0.9592,0.5126,0.9393,95.9,47,49,0,243.70,256.30,8,7,9,24,2,9,6,1,9,False
no_memory,1,2,3,10,0.7999,0.9592,0.4875,0.9289,95.9,47,49,0,256.25,243.75,8,10,9,48,1,9,20,1,9,False
no_memory,1,2,3,11,0.7841,0.9388,0.4730,0.9306,93.9,46,49,1,263.50,236.50,12,5,9,24,1,9,20,4,9,False
no_memory,1,2,3,12,0.7671,0.9184,0.4505,0.9448,91.8,45,49,1,274.75,225.25,12,10,9,24,1,9,6,3,9,False
no_memory,1,2,3,13,0.7448,0.9184,0.3870,0.9333,91.8,45,49,0,306.50,193.50,12,20,9,24,2,9,4,3,9,False
no_memory,1,2,3,14,0.7152,0.9184,0.2900,0.9536,91.8,45,49,0,355.00,145.00,12,10,9,48,1,9,20,1,9,False
no_memory,1,2,3,15,0.7109,0.9184,0.2815,0.9410,91.8,45,49,0,359.25,140.75,8,10,9,48,1,9,20,1,9,False
no_memory,1,2,3,16,0.7043,0.9184,0.2685,0.9212,91.8,45,49,0,365.75,134.25,7,25,9,24,2,9,5,4,9,False
no_memory,1,2,3,17,0.6662,0.9184,0.1605,0.9010,91.8,45,49,0,419.75,80.25,8,10,9,48,1,9,20,1,9,False
no_memory,1,2,3,18,0.6630,0.9184,0.1475,0.9100,91.8,45,49,0,426.25,73.75,8,5,9,24,3,9,6,2,9,False
no_memory,1,2,3,19,0.6455,0.9184,0.1015,0.8911,91.8,45,49,0,449.25,50.75,12,25,9,24,1,9,10,4,9,False
no_memory,1,2,3,20,0.6201,0.8980,0.0550,0.9008,89.8,44,49,1,472.50,27.50,12,18,9,24,1,9,20,1,9,False
no_memory,1,2,3,21,0.6031,0.8776,0.0399,0.8941,87.8,43,49,1,480.05,19.95,12,10,9,24,1,9,4,3,9,False
no_memory,1,2,3,22,0.0000,0.8776,0.0000,0.8790,87.8,43,49,0,501.30,0.00,12,10,9,24,1,9,4,3,9,False
no_memory,1,3,3,1,0.9437,0.9184,0.9855,0.9450,100.0,45,45,0,7.25,492.75,3,8,9,24,2,9,15,4,9,False
no_memory,1,3,3,2,0.9326,0.9184,0.9411,0.9746,100.0,45,45,0,29.45,470.55,8,10,9,48,1,9,20,1,9,False
no_memory,1,3,3,3,0.9263,0.9184,0.9266,0.9622,100.0,45,45,0,36.70,463.30,12,10,9,24,2,9,4,3,9,False
no_memory,1,3,3,4,0.8937,0.9184,0.8316,0.9512,100.0,45,45,0,84.20,415.80,6,20,9,24,1,9,8,3,9,False
no_memory,1,3,3,5,0.8787,0.9184,0.7771,0.9760,100.0,45,45,0,111.45,388.55,8,10,9,48,1,9,20,1,9,False
no_memory,1,3,3,6,0.8742,0.9184,0.7641,0.9746,100.0,45,45,0,117.95,382.05,12,10,9,48,1,9,20,1,9,False
no_memory,1,3,3,7,0.8687,0.9184,0.7556,0.9524,100.0,45,45,0,122.20,377.80,8,7,9,24,2,9,6,2,9,False
no_memory,1,3,3,8,0.8520,0.9184,0.7105,0.9372,100.0,45,45,0,144.75,355.25,12,15,9,48,2,9,12,3,9,False
no_memory,1,3,3,9,0.8402,0.9184,0.6745,0.9376,100.0,45,45,0,162.75,337.25,8,10,9,48,1,9,20,1,9,False
no_memory,1,3,3,10,0.8370,0.9184,0.6665,0.9328,100.0,45,45,0,166.75,333.25,10,30,9,24,3,9,7,2,9,False
no_memory,1,3,3,11,0.8255,0.9184,0.6230,0.9566,100.0,45,45,0,188.50,311.50,8,10,9,48,1,9,20,1,9,False
no_memory,1,3,3,12,0.8237,0.9184,0.6150,0.9639,100.0,45,45,0,192.50,307.50,12,12,9,24,3,9,5,3,9,False
no_memory,1,3,3,13,0.7974,0.9184,0.5381,0.9562,100.0,45,45,0,230.95,269.05,10,10,9,24,1,9,4,3,9,False
no_memory,1,3,3,14,0.7539,0.8980,0.4446,0.9439,97.8,44,45,1,277.70,222.30,12,10,9,24,1,9,10,1,9,False
no_memory,1,3,3,15,0.7464,0.8980,0.4311,0.9190,97.8,44,45,0,284.45,215.55,8,10,9,48,1,9,20,1,9,False
no_memory,1,3,3,16,0.7441,0.8980,0.4181,0.9351,97.8,44,45,0,290.95,209.05,12,5,9,24,1,9,6,2,9,False
no_memory,1,3,3,17,0.7169,0.8776,0.3756,0.9191,95.6,43,45,1,312.20,187.80,12,5,9,168,1,9,2,1,9,False
no_memory,1,3,3,18,0.6941,0.8776,0.3146,0.8966,95.6,43,45,0,342.70,157.30,12,20,9,24,1,9,20,1,9,False
no_memory,1,3,3,19,0.6923,0.8776,0.3041,0.9105,95.6,43,45,0,347.95,152.05,3,15,9,24,2,9,6,3,9,False
no_memory,1,3,3,20,0.6735,0.8776,0.2291,0.9604,95.6,43,45,0,385.45,114.55,12,25,9,24,1,9,6,3,9,False
no_memory,1,3,3,21,0.6537,0.8776,0.1626,0.9786,95.6,43,45,0,418.70,81.30,12,10,9,36,1,9,8,3,9,False
no_memory,1,3,3,22,0.6355,0.8776,0.1141,0.9601,95.6,43,45,0,442.95,57.05,8,25,9,24,2,9,10,3,9,False
no_memory,1,3,3,23,0.6215,0.8776,0.0636,0.9822,95.6,43,45,0,468.20,31.80,8,25,9,168,1,9,4,3,9,False
no_memory,1,3,3,24,0.0000,0.8776,0.0000,0.9863,95.6,43,45,0,500.70,0.00,8,25,9,168,1,9,4,3,9,False
no_memory,1,4,1,1,0.9397,0.9184,0.9755,0.9388,100.0,45,45,0,12.25,487.75,8,15,9,24,1,9,15,1,9,False
no_memory,1,4,1,2,0.9242,0.8980,0.9595,0.9470,97.8,44,45,1,20.25,479.75,12,20,9,24,2,9,16,4,9,False
no_memory,1,4,1,3,0.9090,0.8980,0.9125,0.9499,97.8,44,45,0,43.75,456.25,10,25,9,24,2,9,10,3,9,False
no_memory,1,4,1,4,0.8965,0.8980,0.8745,0.9505,97.8,44,45,0,62.75,437.25,3,10,9,48,1,9,20,1,9,False
no_memory,1,4,1,5,0.8920,0.8980,0.8600,0.9528,97.8,44,45,0,70.00,430.00,8,15,9,24,3,9,10,2,9,False
no_memory,1,4,1,6,0.8796,0.8980,0.8210,0.9568,97.8,44,45,0,89.50,410.50,12,10,9,24,1,9,5,3,9,False
no_memory,1,4,1,7,0.8520,0.8980,0.7425,0.9425,97.8,44,45,0,128.75,371.25,8,10,9,48,1,9,10,1,9,False
no_memory,1,4,1,8,0.8460,0.8980,0.7245,0.9424,97.8,44,45,0,137.75,362.25,4,29,9,168,4,9,15,3,9,False
no_memory,1,4,1,9,0.8342,0.8980,0.6771,0.9737,97.8,44,45,0,161.45,338.55,8,10,9,48,1,9,20,1,9,False
no_memory,1,4,1,10,0.8308,0.8980,0.6691,0.9677,97.8,44,45,0,165.45,334.55,6,15,9,24,1,9,20,1,9,False
no_memory,1,4,1,11,0.8261,0.8980,0.6516,0.9763,97.8,44,45,0,174.20,325.80,12,20,9,24,2,9,3,2,9,False
no_memory,1,4,1,12,0.7960,0.8980,0.5646,0.9654,97.8,44,45,0,217.70,282.30,10,10,9,48,1,9,20,1,9,False
no_memory,1,4,1,13,0.7931,0.8980,0.5551,0.9671,97.8,44,45,0,222.45,277.55,8,15,9,24,2,9,12,2,9,False
no_memory,1,4,1,14,0.7841,0.8980,0.5276,0.9677,97.8,44,45,0,236.20,263.80,4,25,9,144,1,9,8,2,9,False
no_memory,1,4,1,15,0.7693,0.8980,0.4826,0.9679,97.8,44,45,0,258.70,241.30,4,15,9,24,2,9,5,4,9,False
no_memory,1,4,1,16,0.7329,0.8980,0.3706,0.9725,97.8,44,45,0,314.70,185.30,12,10,9,24,2,9,12,3,9,False
no_memory,1,4,1,17,0.7079,0.8776,0.3356,0.9539,95.6,43,45,1,332.20,167.80,6,5,9,24,2,9,12,2,9,False
no_memory,1,4,1,18,0.6866,0.8571,0.3106,0.9391,93.3,42,45,1,344.70,155.30,12,10,9,24,3,9,5,4,9,False
no_memory,1,4,1,19,0.6547,0.8571,0.2191,0.9246,93.3,42,45,0,390.45,109.55,8,20,9,24,2,9,10,3,9,False
no_memory,1,4,1,20,0.6382,0.8571,0.1651,0.9357,93.3,42,45,0,417.45,82.55,4,25,9,24,1,9,5,3,9,False
no_memory,1,4,1,21,0.6073,0.8571,0.0736,0.9300,93.3,42,45,0,463.20,36.80,12,15,9,36,4,9,18,4,9,False
no_memory,1,4,1,22,0.5806,0.8367,0.0246,0.9353,91.1,41,45,1,487.70,12.30,12,10,9,24,1,9,6,2,9,False
no_memory,1,4,1,23,0.0000,0.8367,0.0000,0.9410,91.1,41,45,0,501.95,0.00,12,10,9,24,1,9,6,2,9,False
no_memory,1,5,3,1,0.9850,1.0000,0.9725,0.9509,100.0,49,49,0,13.75,486.25,5,10,9,24,1,9,8,3,9,False
no_memory,1,5,3,2,0.9666,1.0000,0.9210,0.9390,100.0,49,49,0,39.50,460.50,12,10,9,24,2,9,4,3,9,False
no_memory,1,5,3,3,0.9356,1.0000,0.8260,0.9421,100.0,49,49,0,87.00,413.00,12,30,9,168,1,9,12,3,9,False
no_memory,1,5,3,4,0.9233,1.0000,0.7900,0.9387,100.0,49,49,0,105.00,395.00,8,12,9,24,1,9,5,3,9,False
no_memory,1,5,3,5,0.9006,1.0000,0.7249,0.9281,100.0,49,49,0,137.55,362.45,12,10,9,24,2,9,6,2,9,False
no_memory,1,5,3,6,0.8826,1.0000,0.6799,0.9015,100.0,49,49,0,160.05,339.95,8,7,9,24,2,9,10,3,9,False
no_memory,1,5,3,7,0.8687,1.0000,0.6448,0.8829,100.0,49,49,0,177.60,322.40,12,20,9,30,2,9,10,3,9,False
no_memory,1,5,3,8,0.8325,0.9592,0.5978,0.8975,95.9,47,49,2,201.10,298.90,7,10,9,24,1,9,7,4,9,False
no_memory,1,5,3,9,0.8105,0.9592,0.5283,0.9052,95.9,47,49,0,235.85,264.15,8,10,9,24,3,9,12,3,9,False
no_memory,1,5,3,10,0.7745,0.9184,0.4908,0.8953,91.8,45,49,2,254.60,245.40,12,10,9,168,1,9,4,4,9,False
no_memory,1,5,3,11,0.7078,0.8776,0.3688,0.8618,87.8,43,49,2,315.60,184.40,10,25,9,48,1,9,6,4,9,False
no_memory,1,5,3,12,0.6820,0.8776,0.2838,0.8807,87.8,43,49,0,358.10,141.90,2,15,9,24,2,9,8,3,9,False
no_memory,1,5,3,13,0.6653,0.8776,0.2178,0.9228,87.8,43,49,0,391.10,108.90,5,25,9,24,1,9,6,2,9,False
no_memory,1,5,3,14,0.6481,0.8776,0.1638,0.9283,87.8,43,49,0,418.10,81.90,10,12,9,24,1,9,14,3,9,False
no_memory,1,5,3,15,0.6177,0.8367,0.1299,0.9554,83.7,41,49,2,435.05,64.95,8,10,9,48,1,9,20,1,9,False
no_memory,1,5,3,16,0.6148,0.8367,0.1169,0.9666,83.7,41,49,0,441.55,58.45,6,10,9,48,1,9,20,1,9,False
no_memory,1,5,3,17,0.6109,0.8367,0.1064,0.9633,83.7,41,49,0,446.80,53.20,8,10,9,48,1,9,20,1,9,False
no_memory,1,5,3,18,0.6070,0.8367,0.0984,0.9527,83.7,41,49,0,450.80,49.20,6,5,9,24,2,9,8,3,9,False
no_memory,1,5,3,19,0.5878,0.8367,0.0484,0.9304,83.7,41,49,0,475.80,24.20,12,20,9,24,2,9,4,2,9,False
no_memory,1,5,3,20,0.0000,0.8367,0.0000,0.9309,83.7,41,49,0,501.80,0.00,12,20,9,24,2,9,4,2,9,False
no_tools,1,1,1,1,0.9074,0.9184,0.8665,0.9693,100.0,45,45,0,66.75,433.25,1,10,9,48,1,9,20,1,9,False
no_tools,1,1,1,2,0.8988,0.9184,0.8375,0.9781,100.0,45,45,0,81.25,418.75,2,10,9,48,1,9,20,1,9,False
no_tools,1,1,1,3,0.8922,0.9184,0.8190,0.9736,100.0,45,45,0,90.50,409.50,8,10,9,48,1,9,20,1,9,False
no_tools,1,1,1,4,0.8890,0.9184,0.8110,0.9692,100.0,45,45,0,94.50,405.50,4,10,9,48,1,9,20,1,9,False
no_tools,1,1,1,5,0.8841,0.9184,0.7985,0.9625,100.0,45,45,0,100.75,399.25,2,10,9,48,1,9,4,4,9,False
no_tools,1,1,1,6,0.8407,0.9184,0.6665,0.9639,100.0,45,45,0,166.75,333.25,2,10,9,48,1,9,20,1,9,False
no_tools,1,1,1,7,0.8336,0.9184,0.6480,0.9555,100.0,45,45,0,176.00,324.00,8,10,9,48,1,9,20,1,9,False
no_tools,1,1,1,8,0.8286,0.9184,0.6400,0.9357,100.0,45,45,0,180.00,320.00,2,10,9,48,1,9,4,1,9,False
no_tools,1,1,1,9,0.8155,0.9184,0.5965,0.9466,100.0,45,45,0,201.75,298.25,2,10,9,48,1,9,3,2,9,False
no_tools,1,1,1,10,0.7886,0.9184,0.5045,0.9749,100.0,45,45,0,247.75,252.25,2,10,9,48,1,9,20,1,9,False
no_tools,1,1,1,11,0.7809,0.9184,0.4810,0.9758,100.0,45,45,0,259.50,240.50,3,10,9,48,1,9,20,1,9,False
no_tools,1,1,1,12,0.7758,0.9184,0.4680,0.9688,100.0,45,45,0,266.00,234.00,6,10,9,48,1,9,20,1,9,False
no_tools,1,1,1,13,0.7716,0.9184,0.4575,0.9626,100.0,45,45,0,271.25,228.75,2,10,9,48,1,9,20,1,9,False
no_tools,1,1,1,14,0.7654,0.9184,0.4405,0.9574,100.0,45,45,0,279.75,220.25,3,10,9,48,1,9,20,1,9,False
no_tools,1,1,1,15,0.7595,0.9184,0.4260,0.9485,100.0,45,45,0,287.00,213.00,8,10,9,48,1,9,20,1,9,False
no_tools,1,1,1,16,0.7547,0.9184,0.4130,0.9445,100.0,45,45,0,293.50,206.50,3,10,9,48,1,9,20,1,9,False
no_tools,1,1,1,17,0.7501,0.9184,0.3985,0.9458,100.0,45,45,0,300.75,199.25,8,10,9,48,1,9,20,1,9,False
no_tools,1,1,1,18,0.7450,0.9184,0.3905,0.9256,100.0,45,45,0,304.75,195.25,2,10,9,48,1,9,20,1,9,False
no_tools,1,1,1,19,0.7410,0.9184,0.3720,0.9427,100.0,45,45,0,314.00,186.00,8,10,9,48,1,9,20,1,9,False
no_tools,1,1,1,20,0.7368,0.9184,0.3640,0.9302,100.0,45,45,0,318.00,182.00,2,10,9,48,1,9,20,1,9,False
no_tools,1,1,1,21,0.7202,0.8980,0.3405,0.9495,97.8,44,45,1,329.75,170.25,2,10,9,48,1,9,20,1,9,False
no_tools,1,1,1,22,0.7137,0.8980,0.3235,0.9419,97.8,44,45,0,338.25,161.75,2,10,9,48,1,9,20,1,9,False
no_tools,1,1,1,23,0.7085,0.8980,0.3050,0.9501,97.8,44,45,0,347.50,152.50,2,10,9,48,1,9,20,1,9,False
no_tools,1,1,1,24,0.7022,0.8980,0.2880,0.9438,97.8,44,45,0,356.00,144.00,2,10,9,48,1,9,20,1,9,False
no_tools,1,1,1,25,0.6954,0.8980,0.2695,0.9383,97.8,44,45,0,365.25,134.75,3,10,9,48,1,9,20,1,9,False
no_tools,1,1,1,26,0.6792,0.8776,0.2515,0.9461,95.6,43,45,1,374.25,125.75,2,25,9,48,1,9,20,1,9,False
no_tools,1,1,1,27,0.6684,0.8776,0.2150,0.9563,95.6,43,45,0,392.50,107.50,3,15,9,48,1,9,20,1,9,False
no_tools,1,1,1,28,0.6514,0.8571,0.1980,0.9550,93.3,42,45,1,401.00,99.00,8,10,9,48,1,9,20,1,9,False
no_tools,1,1,1,29,0.6370,0.8367,0.1885,0.9548,91.1,41,45,1,405.75,94.25,6,20,9,48,1,9,20,1,9,False
no_tools,1,1,1,30,0.6337,0.8367,0.1755,0.9628,91.1,41,45,0,412.25,87.75,6,20,9,48,1,9,20,1,9,False
no_tools,1,2,1,1,0.9052,0.9184,0.8545,0.9845,100.0,45,45,0,72.75,427.25,2,25,9,48,1,9,20,1,9,False
no_tools,1,2,1,2,0.8927,0.9184,0.8145,0.9899,100.0,45,45,0,92.75,407.25,3,10,9,48,1,9,20,1,9,False
no_tools,1,2,1,3,0.8876,0.9184,0.8000,0.9875,100.0,45,45,0,100.00,400.00,2,25,9,48,1,9,20,1,9,False
no_tools,1,2,1,4,0.8764,0.9184,0.7650,0.9900,100.0,45,45,0,117.50,382.50,2,25,9,48,1,9,4,3,9,False
no_tools,1,2,1,5,0.8363,0.9184,0.6435,0.9908,100.0,45,45,0,178.25,321.75,2,25,9,48,1,9,20,1,9,False
no_tools,1,2,1,6,0.8234,0.9184,0.6035,0.9928,100.0,45,45,0,198.25,301.75,2,10,9,48,1,9,20,1,9,False
no_tools,1,2,1,7,0.8175,0.9184,0.5850,0.9944,100.0,45,45,0,207.50,292.50,8,10,9,48,1,9,20,1,9,False
no_tools,1,2,1,8,0.8145,0.9184,0.5770,0.9913,100.0,45,45,0,211.50,288.50,2,10,9,48,1,9,20,1,9,False
no_tools,1,2,1,9,0.8079,0.9184,0.5585,0.9877,100.0,45,45,0,220.75,279.25,2,10,9,48,1,9,20,1,9,False
no_tools,1,2,1,10,0.8010,0.9184,0.5415,0.9764,100.0,45,45,0,229.25,270.75,2,10,9,48,1,9,20,1,9,False
no_tools,1,2,1,11,0.7929,0.9184,0.5180,0.9735,100.0,45,45,0,241.00,259.00,2,10,9,48,1,9,20,1,9,False
no_tools,1,2,1,12,0.7877,0.9184,0.5010,0.9776,100.0,45,45,0,249.50,250.50,2,10,9,48,1,9,20,1,9,False
no_tools,1,2,1,13,0.7817,0.9184,0.4825,0.9783,100.0,45,45,0,258.75,241.25,3,10,9,48,1,9,20,1,9,False
no_tools,1,2,1,14,0.7775,0.9184,0.4695,0.9792,100.0,45,45,0,265.25,234.75,2,10,9,48,1,9,20,1,9,False
no_tools,1,2,1,15,0.7708,0.9184,0.4510,0.9738,100.0,45,45,0,274.50,225.50,2,10,9,48,1,9,20,1,9,False
no_tools,1,2,1,16,0.7620,0.9184,0.4290,0.9614,100.0,45,45,0,285.50,214.50,3,20,9,48,1,9,20,1,9,False
no_tools,1,2,1,17,0.7541,0.9184,0.4065,0.9571,100.0,45,45,0,296.75,203.25,2,10,9,48,1,9,20,1,9,False
no_tools,1,2,1,18,0.7477,0.9184,0.3895,0.9505,100.0,45,45,0,305.25,194.75,2,10,9,48,1,9,20,1,9,False
no_tools,1,2,1,19,0.7410,0.9184,0.3710,0.9457,100.0,45,45,0,314.50,185.50,2,10,9,48,1,9,20,1,9,False
no_tools,1,2,1,20,0.7239,0.8980,0.3540,0.9437,97.8,44,45,1,323.00,177.00,8,10,9,48,1,9,20,1,9,False
no_tools,1,2,1,21,0.7192,0.8980,0.3395,0.9438,97.8,44,45,0,330.25,169.75,4,10,9,48,1,9,20,1,9,False
no_tools,1,2,1,22,0.7159,0.8980,0.3285,0.9465,97.8,44,45,0,335.75,164.25,2,10,9,48,1,9,20,1,9,False
no_tools,1,2,1,23,0.7105,0.8980,0.3100,0.9524,97.8,44,45,0,345.00,155.00,2,10,9,48,1,9,20,1,9,False
no_tools,1,2,1,24,0.6926,0.8776,0.2930,0.9440,95.6,43,45,1,353.50,146.50,8,15,9,48,1,9,20,1,9,False
no_tools,1,2,1,25,0.6788,0.8571,0.2820,0.9524,93.3,42,45,1,359.00,141.00,2,10,9,48,1,9,20,1,9,False
no_tools,1,2,1,26,0.6717,0.8571,0.2600,0.9543,93.3,42,45,0,370.00,130.00,2,10,9,48,1,9,20,1,9,False
no_tools,1,2,1,27,0.6647,0.8571,0.2415,0.9464,93.3,42,45,0,379.25,120.75,8,10,9,48,1,9,20,1,9,False
no_tools,1,2,1,28,0.6581,0.8571,0.2335,0.9134,93.3,42,45,0,383.25,116.75,2,10,9,48,1,9,20,1,9,False
no_tools,1,2,1,29,0.6556,0.8571,0.2150,0.9432,93.3,42,45,0,392.50,107.50,8,10,9,48,1,9,20,1,9,False
no_tools,1,2,1,30,0.6505,0.8571,0.2070,0.9228,93.3,42,45,0,396.50,103.50,8,10,9,48,1,9,20,1,9,False
no_tools,1,3,1,1,0.9251,0.9184,0.9205,0.9684,100.0,45,45,0,39.75,460.25,8,10,9,48,1,9,20,1,9,False
no_tools,1,3,1,2,0.9216,0.9184,0.9125,0.9612,100.0,45,45,0,43.75,456.25,2,10,9,48,1,9,20,1,9,False
no_tools,1,3,1,3,0.9151,0.9184,0.8940,0.9581,100.0,45,45,0,53.00,447.00,8,10,9,48,1,9,20,1,9,False
no_tools,1,3,1,4,0.9099,0.9184,0.8860,0.9366,100.0,45,45,0,57.00,443.00,2,15,9,48,1,9,20,1,9,False
no_tools,1,3,1,5,0.8913,0.8980,0.8615,0.9427,97.8,44,45,1,69.25,430.75,8,10,9,48,1,9,20,1,9,False
no_tools,1,3,1,6,0.8885,0.8980,0.8485,0.9549,97.8,44,45,0,75.75,424.25,2,10,9,48,1,9,6,4,9,False
no_tools,1,3,1,7,0.8580,0.8980,0.7550,0.9582,97.8,44,45,0,122.50,377.50,2,10,9,48,1,9,20,1,9,False
no_tools,1,3,1,8,0.8524,0.8980,0.7380,0.9583,97.8,44,45,0,131.00,369.00,2,10,9,48,1,9,20,1,9,False
no_tools,1,3,1,9,0.8475,0.8980,0.7195,0.9680,97.8,44,45,0,140.25,359.75,8,10,9,48,1,9,20,1,9,False
no_tools,1,3,1,10,0.8442,0.8980,0.7115,0.9630,97.8,44,45,0,144.25,355.75,2,10,9,48,1,9,3,1,9,False
no_tools,1,3,1,11,0.8287,0.8980,0.6580,0.9809,97.8,44,45,0,171.00,329.00,8,10,9,48,1,9,20,1,9,False
no_tools,1,3,1,12,0.8228,0.8980,0.6500,0.9533,97.8,44,45,0,175.00,325.00,2,10,9,48,1,9,20,1,9,False
no_tools,1,3,1,13,0.8172,0.8980,0.6315,0.9577,97.8,44,45,0,184.25,315.75,2,10,9,48,1,9,20,1,9,False
no_tools,1,3,1,14,0.8111,0.8980,0.6145,0.9540,97.8,44,45,0,192.75,307.25,4,10,9,48,1,9,20,1,9,False
no_tools,1,3,1,15,0.8064,0.8980,0.6020,0.9492,97.8,44,45,0,199.00,301.00,2,10,9,48,1,9,20,1,9,False
no_tools,1,3,1,16,0.8001,0.8980,0.5800,0.9569,97.8,44,45,0,210.00,290.00,4,10,9,48,1,9,20,1,9,False
no_tools,1,3,1,17,0.7946,0.8980,0.5675,0.9450,97.8,44,45,0,216.25,283.75,8,10,9,48,1,9,20,1,9,False
no_tools,1,3,1,18,0.7927,0.8980,0.5595,0.9513,97.8,44,45,0,220.25,279.75,2,10,9,48,1,9,20,1,9,False
no_tools,1,3,1,19,0.7876,0.8980,0.5410,0.9598,97.8,44,45,0,229.50,270.50,3,10,9,48,1,9,20,1,9,False
no_tools,1,3,1,20,0.7842,0.8980,0.5280,0.9672,97.8,44,45,0,236.00,264.00,3,10,9,48,1,9,20,1,9,False
no_tools,1,3,1,21,0.7770,0.8980,0.5085,0.9607,97.8,44,45,0,245.75,254.25,8,10,9,48,1,9,20,1,9,False
no_tools,1,3,1,22,0.7724,0.8980,0.5005,0.9451,97.8,44,45,0,249.75,250.25,6,10,9,48,1,9,20,1,9,False
no_tools,1,3,1,23,0.7676,0.8980,0.4900,0.9338,97.8,44,45,0,255.00,245.00,1,20,9,48,1,9,20,1,9,False
no_tools,1,3,1,24,0.7527,0.8980,0.4370,0.9551,97.8,44,45,0,281.50,218.50,2,10,9,48,1,9,20,1,9,False
no_tools,1,3,1,25,0.7456,0.8980,0.4185,0.9466,97.8,44,45,0,290.75,209.25,1,10,9,48,1,9,20,1,9,False
no_tools,1,3,1,26,0.7235,0.8776,0.3845,0.9494,95.6,43,45,1,307.75,192.25,1,30,9,48,1,9,4,4,9,False
no_tools,1,3,1,27,0.6600,0.8776,0.1910,0.9527,95.6,43,45,0,404.50,95.50,2,20,9,48,1,9,20,1,9,False
no_tools,1,3,1,28,0.6500,0.8776,0.1620,0.9489,95.6,43,45,0,419.00,81.00,8,10,9,48,1,9,20,1,9,False
no_tools,1,3,1,29,0.6453,0.8776,0.1525,0.9359,95.6,43,45,0,423.75,76.25,1,20,9,48,1,9,20,1,9,False
no_tools,1,3,1,30,0.6276,0.8776,0.0995,0.9344,95.6,43,45,0,450.25,49.75,1,20,9,48,1,9,20,1,9,False
no_tools,1,4,1,1,0.9269,0.9184,0.9265,0.9670,100.0,45,45,0,36.75,463.25,2,25,9,48,1,9,20,1,9,False
no_tools,1,4,1,2,0.9171,0.9184,0.8915,0.9820,100.0,45,45,0,54.25,445.75,2,20,9,48,1,9,20,1,9,False
no_tools,1,4,1,3,0.9074,0.9184,0.8610,0.9847,100.0,45,45,0,69.50,430.50,2,10,9,48,1,9,3,4,9,False
no_tools,1,4,1,4,0.8622,0.9184,0.7290,0.9713,100.0,45,45,0,135.50,364.50,4,15,9,48,1,9,20,1,9,False
no_tools,1,4,1,5,0.8545,0.9184,0.7085,0.9630,100.0,45,45,0,145.75,354.25,2,10,9,48,1,9,20,1,9,False
no_tools,1,4,1,6,0.8477,0.9184,0.6865,0.9670,100.0,45,45,0,156.75,343.25,8,10,9,48,1,9,20,1,9,False
no_tools,1,4,1,7,0.8425,0.9184,0.6770,0.9496,100.0,45,45,0,161.50,338.50,4,10,9,48,1,9,20,1,9,False
no_tools,1,4,1,8,0.8382,0.9184,0.6660,0.9444,100.0,45,45,0,167.00,333.00,2,10,9,48,1,9,20,1,9,False
no_tools,1,4,1,9,0.8319,0.9184,0.6475,0.9431,100.0,45,45,0,176.25,323.75,2,10,9,48,1,9,20,1,9,False
no_tools,1,4,1,10,0.8168,0.8980,0.6305,0.9574,97.8,44,45,1,184.75,315.25,2,10,9,48,1,9,20,1,9,False
no_tools,1,4,1,11,0.8109,0.8980,0.6070,0.9725,97.8,44,45,0,196.50,303.50,2,10,9,48,1,9,20,1,9,False
no_tools,1,4,1,12,0.8055,0.8980,0.5900,0.9744,97.8,44,45,0,205.00,295.00,3,10,9,48,1,9,4,2,9,False
no_tools,1,4,1,13,0.7827,0.8980,0.5205,0.9757,97.8,44,45,0,239.75,260.25,1,5,9,48,1,9,1,1,9,False
no_tools,1,4,1,14,0.7389,0.8980,0.3885,0.9736,97.8,44,45,0,305.75,194.25,12,5,9,48,1,9,20,4,9,False
no_tools,1,4,1,15,0.7291,0.8980,0.3660,0.9533,97.8,44,45,0,317.00,183.00,1,10,9,48,1,9,20,1,9,False
no_tools,1,4,1,16,0.7176,0.8980,0.3320,0.9511,97.8,44,45,0,334.00,166.00,2,10,9,48,1,9,20,1,9,False
no_tools,1,4,1,17,0.7116,0.8980,0.3135,0.9520,97.8,44,45,0,343.25,156.75,2,10,9,48,1,9,20,1,9,False
no_tools,1,4,1,18,0.7047,0.8980,0.2965,0.9412,97.8,44,45,0,351.75,148.25,3,10,9,48,1,9,20,1,9,False
no_tools,1,4,1,19,0.7012,0.8980,0.2820,0.9525,97.8,44,45,0,359.00,141.00,8,10,9,48,1,9,20,1,9,False
no_tools,1,4,1,20,0.6996,0.8980,0.2740,0.9611,97.8,44,45,0,363.00,137.00,2,10,9,48,1,9,20,1,9,False
no_tools,1,4,1,21,0.6920,0.8980,0.2505,0.9622,97.8,44,45,0,374.75,125.25,2,10,9,48,1,9,20,1,9,False
no_tools,1,4,1,22,0.6860,0.8980,0.2335,0.9588,97.8,44,45,0,383.25,116.75,1,10,9,48,1,9,3,4,9,False
no_tools,1,4,1,23,0.6386,0.8980,0.0880,0.9638,97.8,44,45,0,456.00,44.00,2,10,9,48,1,9,3,2,9,False
no_tools,1,4,1,24,0.0000,0.8980,0.0000,0.9667,97.8,44,45,0,502.00,0.00,2,10,9,48,1,9,3,2,9,False
no_tools,1,5,2,1,0.9520,1.0000,0.8605,0.9836,100.0,49,49,0,69.75,430.25,2,10,9,48,1,9,4,3,9,False
no_tools,1,5,2,2,0.9167,1.0000,0.7585,0.9703,100.0,49,49,0,120.75,379.25,2,10,9,48,1,9,20,1,9,False
no_tools,1,5,2,3,0.9094,1.0000,0.7400,0.9603,100.0,49,49,0,130.00,370.00,2,10,9,48,1,9,3,3,9,False
no_tools,1,5,2,4,0.8675,1.0000,0.6080,0.9739,100.0,49,49,0,196.00,304.00,2,10,9,48,1,9,4,2,9,False
no_tools,1,5,2,5,0.8454,1.0000,0.5345,0.9920,100.0,49,49,0,232.75,267.25,8,10,9,48,1,9,20,1,9,False
no_tools,1,5,2,6,0.8397,1.0000,0.5215,0.9802,100.0,49,49,0,239.25,260.75,2,10,9,48,1,9,20,1,9,False
no_tools,1,5,2,7,0.8347,1.0000,0.5030,0.9894,100.0,49,49,0,248.50,251.50,7,10,9,48,1,9,20,1,9,False
no_tools,1,5,2,8,0.8317,1.0000,0.4940,0.9893,100.0,49,49,0,253.00,247.00,2,10,9,48,1,9,20,1,9,False
no_tools,1,5,2,9,0.8248,1.0000,0.4755,0.9823,100.0,49,49,0,262.25,237.75,9,10,9,48,1,9,20,1,9,False
no_tools,1,5,2,10,0.8193,1.0000,0.4675,0.9584,100.0,49,49,0,266.25,233.75,2,10,9,48,1,9,20,1,9,False
no_tools,1,5,2,11,0.8122,1.0000,0.4440,0.9639,100.0,49,49,0,278.00,222.00,3,10,9,48,1,9,20,1,9,False
no_tools,1,5,2,12,0.8068,1.0000,0.4310,0.9547,100.0,49,49,0,284.50,215.50,2,10,9,48,1,9,20,1,9,False
no_tools,1,5,2,13,0.8011,1.0000,0.4125,0.9577,100.0,49,49,0,293.75,206.25,8,10,9,48,1,9,20,1,9,False
no_tools,1,5,2,14,0.7944,1.0000,0.4045,0.9244,100.0,49,49,0,297.75,202.25,8,10,9,48,1,9,20,1,9,False
no_tools,1,5,2,15,0.7774,0.9796,0.3950,0.9025,98.0,48,49,1,302.50,197.50,2,10,9,48,1,9,20,1,9,False
no_tools,1,5,2,16,0.7694,0.9796,0.3730,0.8959,98.0,48,49,0,313.50,186.50,12,5,9,48,1,9,20,1,9,False
no_tools,1,5,2,17,0.7660,0.9796,0.3655,0.8882,98.0,48,49,0,317.25,182.75,2,5,9,48,1,9,20,1,9,False
no_tools,1,5,2,18,0.7518,0.9592,0.3545,0.8935,95.9,47,49,1,322.75,177.25,2,10,9,48,2,9,20,1,9,False
no_tools,1,5,2,19,0.7500,0.9592,0.3345,0.9342,95.9,47,49,0,332.75,167.25,2,10,9,48,1,9,20,1,9,False
no_tools,1,5,2,20,0.7464,0.9592,0.3175,0.9504,95.9,47,49,0,341.25,158.75,2,10,9,48,1,9,20,1,9,False
no_tools,1,5,2,21,0.7375,0.9592,0.2940,0.9409,95.9,47,49,0,353.00,147.00,2,10,9,48,1,9,20,1,9,False
no_tools,1,5,2,22,0.7197,0.9388,0.2770,0.9334,93.9,46,49,1,361.50,138.50,8,10,9,48,1,9,20,1,9,False
no_tools,1,5,2,23,0.7141,0.9388,0.2675,0.9123,93.9,46,49,0,366.25,133.75,2,10,9,48,1,9,20,1,9,False
no_tools,1,5,2,24,0.7009,0.9184,0.2505,0.9428,91.8,45,49,1,374.75,125.25,8,10,9,48,1,9,20,1,9,False
no_tools,1,5,2,25,0.6963,0.9184,0.2410,0.9309,91.8,45,49,0,379.50,120.50,8,10,9,48,1,9,20,1,9,False
no_tools,1,5,2,26,0.6800,0.8980,0.2280,0.9244,89.8,44,49,1,386.00,114.00,2,10,9,48,1,9,20,1,9,False
no_tools,1,5,2,27,0.6765,0.8980,0.2095,0.9458,89.8,44,49,0,395.25,104.75,2,10,9,48,1,9,20,1,9,False
no_tools,1,5,2,28,0.6714,0.8980,0.1925,0.9501,89.8,44,49,0,403.75,96.25,3,10,9,48,1,9,20,1,9,False
no_tools,1,5,2,29,0.6633,0.8980,0.1780,0.9226,89.8,44,49,0,411.00,89.00,8,10,9,48,1,9,20,1,9,False
no_tools,1,5,2,30,0.6562,0.8980,0.1700,0.8852,89.8,44,49,0,415.00,85.00,8,10,9,48,1,9,20,1,9,False
no_obs,1,1,3,1,0.8877,0.8163,0.9855,0.9461,100.0,40,40,0,7.25,492.75,8,9,9,48,1,9,20,1,9,False
no_obs,1,1,3,2,0.8840,0.8163,0.9778,0.9364,100.0,40,40,0,11.10,488.90,8,9,9,48,1,9,20,1,9,False
no_obs,1,1,3,3,0.8796,0.8163,0.9686,0.9248,100.0,40,40,0,15.70,484.30,10,9,9,24,1,9,20,1,9,False
no_obs,1,1,3,4,0.8759,0.8163,0.9603,0.9168,100.0,40,40,0,19.85,480.15,10,9,9,24,1,9,20,1,9,False
no_obs,1,1,3,5,0.8738,0.8163,0.9520,0.9225,100.0,40,40,0,24.00,476.00,10,9,9,24,1,9,20,1,9,False
no_obs,1,1,3,6,0.8683,0.8163,0.9378,0.9152,100.0,40,40,0,31.10,468.90,10,9,9,24,1,9,20,1,9,False
no_obs,1,1,3,7,0.8563,0.7959,0.9295,0.9314,97.5,39,40,1,35.25,464.75,10,9,9,24,1,9,20,1,9,False
no_obs,1,1,3,8,0.8519,0.7959,0.9203,0.9201,97.5,39,40,0,39.85,460.15,8,9,0,24,1,9,20,1,9,False
no_obs,1,1,3,9,0.8381,0.7755,0.9111,0.9245,95.0,38,40,1,44.45,455.55,6,9,9,24,1,9,20,1,9,False
no_obs,1,1,3,10,0.8244,0.7551,0.9010,0.9317,92.5,37,40,1,49.50,450.50,6,9,9,24,1,9,20,1,9,False
no_obs,1,1,3,11,0.8196,0.7551,0.8859,0.9329,92.5,37,40,0,57.05,442.95,6,9,9,24,1,9,20,1,9,False
no_obs,1,1,3,12,0.8132,0.7551,0.8758,0.9074,92.5,37,40,0,62.10,437.90,5,9,9,24,1,9,20,1,9,False
no_obs,1,1,3,13,0.8081,0.7551,0.8648,0.8954,92.5,37,40,0,67.60,432.40,5,9,9,24,2,9,20,1,9,False
no_obs,1,1,3,14,0.8026,0.7551,0.8523,0.8832,92.5,37,40,0,73.85,426.15,5,9,9,24,2,9,16,1,9,False
no_obs,1,1,3,15,0.7974,0.7551,0.8357,0.8857,92.5,37,40,0,82.15,417.85,5,10,9,24,2,9,16,1,9,False
no_obs,1,1,3,16,0.7951,0.7551,0.8227,0.9025,92.5,37,40,0,88.65,411.35,5,10,9,24,2,9,16,1,9,False
no_obs,1,1,3,17,0.7783,0.7347,0.8047,0.9054,90.0,36,40,1,97.65,402.35,8,10,9,48,1,9,20,1,9,False
no_obs,1,1,3,18,0.7743,0.7347,0.7967,0.8940,90.0,36,40,0,101.65,398.35,8,10,9,48,1,9,20,1,9,False
no_obs,1,1,3,19,0.7689,0.7347,0.7872,0.8750,90.0,36,40,0,106.40,393.60,8,9,9,48,1,9,20,1,9,False
no_obs,1,1,3,20,0.7543,0.7143,0.7795,0.8688,87.5,35,40,1,110.25,389.75,9,9,9,48,1,9,20,1,9,False
no_obs,1,1,3,21,0.7423,0.6939,0.7662,0.8989,85.0,34,40,1,116.90,383.10,8,9,9,48,1,9,20,1,9,False
no_obs,1,1,3,22,0.7218,0.6531,0.7585,0.9356,80.0,32,40,2,120.75,379.25,6,10,9,48,1,9,20,1,9,False
no_obs,1,1,3,23,0.7181,0.6531,0.7480,0.9339,80.0,32,40,0,126.00,374.00,6,10,9,48,1,9,20,1,9,False
no_obs,1,1,3,24,0.7156,0.6531,0.7390,0.9379,80.0,32,40,0,130.50,369.50,6,10,9,48,1,9,20,1,9,False
no_obs,1,1,3,25,0.7117,0.6531,0.7285,0.9345,80.0,32,40,0,135.75,364.25,6,10,9,36,1,9,15,1,9,False
no_obs,1,1,3,26,0.7055,0.6531,0.7130,0.9251,80.0,32,40,0,143.50,356.50,6,10,9,36,1,9,8,2,9,False
no_obs,1,1,3,27,0.6944,0.6531,0.6790,0.9264,80.0,32,40,0,160.50,339.50,8,12,9,36,1,9,12,2,9,False
no_obs,1,1,3,28,0.6839,0.6531,0.6539,0.9074,80.0,32,40,0,173.05,326.95,10,8,9,48,1,9,20,1,9,False
no_obs,1,1,3,29,0.6801,0.6531,0.6458,0.8981,80.0,32,40,0,177.10,322.90,10,7,9,48,1,9,20,1,9,False
no_obs,1,1,3,30,0.6769,0.6531,0.6394,0.8897,80.0,32,40,0,180.30,319.70,10,7,9,48,1,9,20,1,9,False
no_obs,1,2,1,1,0.9829,1.0000,0.9735,0.9303,100.0,49,49,0,13.25,486.75,12,10,9,24,3,9,6,1,9,False
no_obs,1,2,1,2,0.9735,1.0000,0.9470,0.9245,100.0,49,49,0,26.50,473.50,12,10,9,24,3,9,6,1,9,False
no_obs,1,2,1,3,0.9624,1.0000,0.9205,0.9049,100.0,49,49,0,39.75,460.25,12,10,9,24,3,9,6,1,9,False
no_obs,1,2,1,4,0.9297,0.9592,0.8940,0.8925,95.9,47,49,2,53.00,447.00,12,10,9,24,3,9,6,1,9,False
no_obs,1,2,1,5,0.9203,0.9592,0.8675,0.8877,95.9,47,49,0,66.25,433.75,12,10,9,24,3,9,6,1,9,False
no_obs,1,2,1,6,0.9103,0.9592,0.8410,0.8767,95.9,47,49,0,79.50,420.50,12,10,9,24,3,9,6,1,9,False
no_obs,1,2,1,7,0.9018,0.9592,0.8145,0.8786,95.9,47,49,0,92.75,407.25,12,10,9,24,3,9,6,1,9,False
no_obs,1,2,1,8,0.8914,0.9592,0.7880,0.8654,95.9,47,49,0,106.00,394.00,12,8,9,30,3,9,10,1,9,False
no_obs,1,2,1,9,0.8813,0.9592,0.7719,0.8252,95.9,47,49,0,114.05,385.95,12,8,9,30,3,9,20,1,9,False
no_obs,1,2,1,10,0.8755,0.9592,0.7653,0.7951,95.9,47,49,0,117.35,382.65,12,8,9,30,3,9,20,1,9,False
no_obs,1,2,1,11,0.8556,0.9388,0.7492,0.7666,93.9,46,49,1,125.40,374.60,6,8,9,30,3,9,20,1,9,False
no_obs,1,2,1,12,0.8524,0.9388,0.7365,0.7756,93.9,46,49,0,131.75,368.25,8,8,9,30,3,9,20,1,9,False
no_obs,1,2,1,13,0.8280,0.8980,0.7246,0.7913,89.8,44,49,2,137.70,362.30,8,10,9,30,3,9,20,1,9,False
no_obs,1,2,1,14,0.8273,0.8980,0.7121,0.8198,89.8,44,49,0,143.95,356.05,9,8,9,30,3,9,20,1,9,False
no_obs,1,2,1,15,0.8220,0.8980,0.7055,0.7941,89.8,44,49,0,147.25,352.75,8,10,9,48,1,9,20,1,9,False
no_obs,1,2,1,16,0.7881,0.8367,0.6925,0.8282,83.7,41,49,3,153.75,346.25,8,15,9,24,1,9,20,1,9,False
no_obs,1,2,1,17,0.7789,0.8163,0.6815,0.8750,81.6,40,49,1,159.25,340.75,9,15,9,24,1,9,20,1,9,False
no_obs,1,2,1,18,0.7736,0.8163,0.6720,0.8568,81.6,40,49,0,164.00,336.00,9,15,9,24,1,9,20,1,9,False
no_obs,1,2,1,19,0.7497,0.7755,0.6610,0.8753,77.6,38,49,2,169.50,330.50,9,15,9,24,1,9,20,1,9,False
no_obs,1,2,1,20,0.7511,0.7755,0.6500,0.9173,77.6,38,49,0,175.00,325.00,8,15,9,24,1,9,20,1,9,False
no_obs,1,2,1,21,0.7470,0.7755,0.6340,0.9269,77.6,38,49,0,183.00,317.00,8,15,9,24,1,9,20,1,9,False
no_obs,1,2,1,22,0.7416,0.7755,0.6230,0.9120,77.6,38,49,0,188.50,311.50,8,14,9,24,1,9,20,1,9,False
no_obs,1,2,1,23,0.7374,0.7755,0.6123,0.9071,77.6,38,49,0,193.85,306.15,9,13,9,24,1,9,20,1,9,False
no_obs,1,2,1,24,0.7341,0.7755,0.6032,0.9045,77.6,38,49,0,198.40,301.60,9,14,9,24,1,9,20,1,9,False
no_obs,1,2,1,25,0.7300,0.7755,0.5925,0.8995,77.6,38,49,0,203.75,296.25,9,14,9,24,1,9,20,1,9,False
no_obs,1,2,1,26,0.7215,0.7755,0.5768,0.8720,77.6,38,49,0,211.60,288.40,9,14,9,24,1,9,20,1,9,False
no_obs,1,2,1,27,0.7063,0.7551,0.5675,0.8640,75.5,37,49,1,216.25,283.75,9,14,9,24,1,9,20,1,9,False
no_obs,1,2,1,28,0.7054,0.7551,0.5568,0.8864,75.5,37,49,0,221.60,278.40,9,14,9,24,1,9,20,1,9,False
no_obs,1,2,1,29,0.6941,0.7347,0.5461,0.9150,73.5,36,49,1,226.95,273.05,10,14,9,48,1,9,20,1,9,False
no_obs,1,2,1,30,0.6898,0.7347,0.5383,0.9010,73.5,36,49,0,230.85,269.15,10,14,9,48,1,9,20,1,9,False
no_obs,1,3,3,1,0.8883,0.8163,0.9855,0.9507,100.0,40,40,0,7.25,492.75,6,20,9,48,1,9,15,1,9,False
no_obs,1,3,3,2,0.8830,0.8163,0.9675,0.9561,100.0,40,40,0,16.25,483.75,6,20,9,48,1,9,15,1,9,False
no_obs,1,3,3,3,0.8805,0.8163,0.9530,0.9754,100.0,40,40,0,23.50,476.50,6,20,9,48,1,9,15,1,9,False
no_obs,1,3,3,4,0.8731,0.8163,0.9350,0.9631,100.0,40,40,0,32.50,467.50,6,20,9,48,1,9,15,1,9,False
no_obs,1,3,3,5,0.8688,0.8163,0.9205,0.9675,100.0,40,40,0,39.75,460.25,6,20,9,48,1,9,15,1,9,False
no_obs,1,3,3,6,0.8630,0.8163,0.9025,0.9680,100.0,40,40,0,48.75,451.25,9,20,9,48,1,9,15,1,9,False
no_obs,1,3,3,7,0.8565,0.8163,0.8850,0.9624,100.0,40,40,0,57.50,442.50,9,20,9,24,1,9,15,1,9,False
no_obs,1,3,3,8,0.8524,0.8163,0.8725,0.9621,100.0,40,40,0,63.75,436.25,9,20,9,24,1,9,15,1,9,False
no_obs,1,3,3,9,0.8467,0.8163,0.8570,0.9576,100.0,40,40,0,71.50,428.50,9,20,9,24,1,9,8,2,0,False
no_obs,1,3,3,10,0.8360,0.8163,0.8195,0.9713,100.0,40,40,0,90.25,409.75,12,10,9,72,1,9,8,2,9,False
no_obs,1,3,3,11,0.8205,0.8163,0.7875,0.9304,100.0,40,40,0,106.25,393.75,12,10,9,72,1,9,8,2,9,False
no_obs,1,3,3,12,0.8098,0.8163,0.7555,0.9289,100.0,40,40,0,122.25,377.75,8,6,9,96,1,9,8,2,9,False
no_obs,1,3,3,13,0.7964,0.8163,0.7222,0.9087,100.0,40,40,0,138.90,361.10,9,6,9,168,1,9,8,2,9,False
no_obs,1,3,3,14,0.7849,0.8163,0.6904,0.9009,100.0,40,40,0,154.80,345.20,10,6,9,168,1,9,8,2,9,False
no_obs,1,3,3,15,0.7713,0.8163,0.6577,0.8773,100.0,40,40,0,171.15,328.85,12,5,9,168,1,9,20,2,9,False
no_obs,1,3,3,16,0.7619,0.8163,0.6367,0.8570,100.0,40,40,0,181.65,318.35,12,5,9,168,1,9,20,2,9,False
no_obs,1,3,3,17,0.7523,0.8163,0.6257,0.8070,100.0,40,40,0,187.15,312.85,12,5,9,168,1,9,20,2,9,False
no_obs,1,3,3,18,0.7437,0.8163,0.6147,0.7653,100.0,40,40,0,192.65,307.35,8,5,9,168,1,9,20,2,9,False
no_obs,1,3,3,19,0.7430,0.8163,0.6032,0.7918,100.0,40,40,0,198.40,301.60,8,6,9,24,1,9,15,2,9,False
no_obs,1,3,3,20,0.7408,0.8163,0.5899,0.8098,100.0,40,40,0,205.05,294.95,8,6,9,30,1,9,15,2,9,False
no_obs,1,3,3,21,0.7335,0.8163,0.5666,0.8131,100.0,40,40,0,216.70,283.30,10,6,9,48,1,9,15,2,9,False
no_obs,1,3,3,22,0.7260,0.8163,0.5454,0.8083,100.0,40,40,0,227.30,272.70,10,6,9,48,1,9,15,2,9,False
no_obs,1,3,3,23,0.7213,0.8163,0.5321,0.8065,100.0,40,40,0,233.95,266.05,8,6,9,48,1,9,15,2,9,False
no_obs,1,3,3,24,0.7155,0.8163,0.5103,0.8176,100.0,40,40,0,244.85,255.15,8,7,9,48,1,9,15,2,9,False
no_obs,1,3,3,25,0.7067,0.8163,0.4967,0.7818,100.0,40,40,0,251.65,248.35,8,7,9,48,1,9,15,2,9,False
no_obs,1,3,3,26,0.6883,0.7959,0.4746,0.7823,97.5,39,40,1,262.70,237.30,8,7,9,48,1,9,15,2,9,False
no_obs,1,3,3,27,0.6766,0.7959,0.4510,0.7502,97.5,39,40,0,274.50,225.50,10,6,9,48,1,9,15,2,9,False
no_obs,1,3,3,28,0.6595,0.7755,0.4392,0.7339,95.0,38,40,1,280.40,219.60,10,5,9,48,1,9,15,2,9,False
no_obs,1,3,3,29,0.6479,0.7755,0.4167,0.6992,95.0,38,40,0,291.65,208.35,8,5,9,48,1,9,15,2,9,False
no_obs,1,3,3,30,0.6114,0.7143,0.4052,0.7065,87.5,35,40,3,297.40,202.60,8,5,9,48,1,9,15,2,9,False
no_obs,1,4,3,1,0.9852,1.0000,0.9773,0.9387,100.0,49,49,0,11.35,488.65,6,8,9,24,3,9,10,1,9,False
no_obs,1,4,3,2,0.9784,1.0000,0.9596,0.9312,100.0,49,49,0,20.20,479.80,6,8,9,24,3,9,10,1,9,False
no_obs,1,4,3,3,0.9729,1.0000,0.9369,0.9481,100.0,49,49,0,31.55,468.45,6,8,9,24,3,9,10,1,9,False
no_obs,1,4,3,4,0.9653,1.0000,0.9192,0.9328,100.0,49,49,0,40.40,459.60,6,8,9,24,2,9,10,1,9,False
no_obs,1,4,3,5,0.9497,0.9796,0.9030,0.9407,98.0,48,49,1,48.50,451.50,6,8,9,24,2,9,10,1,9,False
no_obs,1,4,3,6,0.9405,0.9796,0.8818,0.9230,98.0,48,49,0,59.10,440.90,6,8,9,24,2,9,8,1,9,False
no_obs,1,4,3,7,0.9336,0.9796,0.8606,0.9235,98.0,48,49,0,69.70,430.30,6,8,9,24,2,9,8,1,9,False
no_obs,1,4,3,8,0.9260,0.9796,0.8394,0.9189,98.0,48,49,0,80.30,419.70,6,8,9,36,2,9,8,1,9,False
no_obs,1,4,3,9,0.9195,0.9796,0.8212,0.9140,98.0,48,49,0,89.40,410.60,6,8,9,36,2,9,8,1,9,False
no_obs,1,4,3,10,0.9018,0.9592,0.8000,0.9184,95.9,47,49,1,100.00,400.00,4,8,9,36,2,9,8,1,9,False
no_obs,1,4,3,11,0.8966,0.9592,0.7772,0.9384,95.9,47,49,0,111.40,388.60,3,12,9,24,2,9,8,1,9,False
no_obs,1,4,3,12,0.8903,0.9592,0.7496,0.9613,95.9,47,49,0,125.20,374.80,3,12,9,24,2,9,8,1,9,False
no_obs,1,4,3,13,0.8819,0.9592,0.7220,0.9672,95.9,47,49,0,139.00,361.00,6,24,9,24,4,9,8,1,9,False
no_obs,1,4,3,14,0.8606,0.9388,0.6914,0.9675,93.9,46,49,1,154.30,345.70,8,5,9,24,4,9,8,1,9,False
no_obs,1,4,3,15,0.8495,0.9388,0.6689,0.9368,93.9,46,49,0,165.55,334.45,7,5,9,24,4,9,8,1,9,False
no_obs,1,4,3,16,0.8262,0.9184,0.6464,0.8984,91.8,45,49,1,176.80,323.20,8,5,9,24,4,9,8,1,9,False
no_obs,1,4,3,17,0.8165,0.9184,0.6239,0.8791,91.8,45,49,0,188.05,311.95,8,5,9,24,4,9,8,1,9,False
no_obs,1,4,3,18,0.8084,0.9184,0.6014,0.8740,91.8,45,49,0,199.30,300.70,8,5,9,24,4,9,8,1,9,False
no_obs,1,4,3,19,0.8025,0.9184,0.5789,0.8862,91.8,45,49,0,210.55,289.45,8,10,9,48,1,9,20,1,9,False
no_obs,1,4,3,20,0.8034,0.9184,0.5709,0.9162,91.8,45,49,0,214.55,285.45,8,10,9,48,1,9,20,1,9,False
no_obs,1,4,3,21,0.7972,0.9184,0.5564,0.9039,91.8,45,49,0,221.80,278.20,8,7,9,64,1,9,20,1,9,False
no_obs,1,4,3,22,0.7966,0.9184,0.5478,0.9224,91.8,45,49,0,226.10,273.90,9,7,9,64,1,9,20,1,9,False
no_obs,1,4,3,23,0.7931,0.9184,0.5407,0.9131,91.8,45,49,0,229.65,270.35,9,7,9,144,1,9,20,1,9,False
no_obs,1,4,3,24,0.7649,0.8776,0.5343,0.8826,87.8,43,49,2,232.85,267.15,8,10,9,48,1,9,20,1,9,False
no_obs,1,4,3,25,0.7508,0.8571,0.5248,0.8853,85.7,42,49,1,237.60,262.40,6,10,9,48,1,9,20,1,9,False
no_obs,1,4,3,26,0.7471,0.8571,0.5108,0.8922,85.7,42,49,0,244.60,255.40,6,10,9,48,1,9,15,1,9,False
no_obs,1,4,3,27,0.7444,0.8571,0.4953,0.9129,85.7,42,49,0,252.35,247.65,6,10,9,48,1,9,15,1,9,False
no_obs,1,4,3,28,0.7419,0.8571,0.4863,0.9164,85.7,42,49,0,256.85,243.15,8,10,9,48,1,9,15,1,9,False
no_obs,1,4,3,29,0.7375,0.8571,0.4718,0.9198,85.7,42,49,0,264.10,235.90,8,10,9,24,1,9,15,1,9,False
no_obs,1,4,3,30,0.7335,0.8571,0.4623,0.9122,85.7,42,49,0,268.85,231.15,8,10,9,24,1,9,15,1,9,False
no_obs,1,5,3,1,0.9888,1.0000,0.9855,0.9467,100.0,49,49,0,7.25,492.75,8,10,9,48,1,9,20,1,9,False
no_obs,1,5,3,2,0.9866,1.0000,0.9775,0.9499,100.0,49,49,0,11.25,488.75,9,10,9,48,1,9,20,1,9,False
no_obs,1,5,3,3,0.9806,1.0000,0.9690,0.9233,100.0,49,49,0,15.50,484.50,8,9,9,48,1,9,20,1,9,False
no_obs,1,5,3,4,0.9800,1.0000,0.9613,0.9395,100.0,49,49,0,19.35,480.65,8,9,9,48,1,9,20,1,9,False
no_obs,1,5,3,5,0.9741,1.0000,0.9521,0.9159,100.0,49,49,0,23.95,476.05,8,9,9,48,1,9,20,1,9,False
no_obs,1,5,3,6,0.9657,1.0000,0.9394,0.8809,100.0,49,49,0,30.30,469.70,9,9,9,48,1,9,20,1,9,False
no_obs,1,5,3,7,0.9521,0.9796,0.9302,0.8860,98.0,48,49,1,34.90,465.10,9,10,9,24,1,9,20,1,9,False
no_obs,1,5,3,8,0.9469,0.9796,0.9207,0.8692,98.0,48,49,0,39.65,460.35,9,10,9,24,1,9,20,1,9,False
no_obs,1,5,3,9,0.9461,0.9796,0.9122,0.8855,98.0,48,49,0,43.90,456.10,9,12,9,24,1,9,20,1,9,False
no_obs,1,5,3,10,0.9430,0.9796,0.9021,0.8878,98.0,48,49,0,48.95,451.05,9,14,9,24,1,9,20,1,9,False
no_obs,1,5,3,11,0.9401,0.9796,0.8864,0.9065,98.0,48,49,0,56.80,443.20,9,10,9,24,1,9,20,1,9,False
no_obs,1,5,3,12,0.9354,0.9796,0.8779,0.8913,98.0,48,49,0,61.05,438.95,9,10,9,24,1,9,20,1,9,False
no_obs,1,5,3,13,0.9340,0.9796,0.8684,0.9057,98.0,48,49,0,65.80,434.20,9,10,9,24,1,9,20,1,9,False
no_obs,1,5,3,14,0.9222,0.9592,0.8589,0.9266,95.9,47,49,1,70.55,429.45,9,8,9,24,1,9,20,1,9,False
no_obs,1,5,3,15,0.9202,0.9592,0.8508,0.9320,95.9,47,49,0,74.60,425.40,9,8,9,24,1,9,10,1,9,False
no_obs,1,5,3,16,0.9123,0.9592,0.8319,0.9188,95.9,47,49,0,84.05,415.95,9,8,9,24,1,9,5,1,9,False
no_obs,1,5,3,17,0.9001,0.9592,0.8030,0.8962,95.9,47,49,0,98.50,401.50,9,7,9,24,1,9,5,1,9,False
no_obs,1,5,3,18,0.8902,0.9592,0.7751,0.8903,95.9,47,49,0,112.45,387.55,10,7,9,24,1,9,6,1,9,False
no_obs,1,5,3,19,0.8805,0.9592,0.7522,0.8725,95.9,47,49,0,123.90,376.10,12,7,9,24,1,9,6,1,9,False
no_obs,1,5,3,20,0.8512,0.9184,0.7293,0.8787,91.8,45,49,2,135.35,364.65,12,7,9,24,1,9,6,1,9,False
no_obs,1,5,3,21,0.8431,0.9184,0.7064,0.8739,91.8,45,49,0,146.80,353.20,12,7,9,24,1,9,6,1,9,False
no_obs,1,5,3,22,0.8348,0.9184,0.6835,0.8676,91.8,45,49,0,158.25,341.75,12,7,9,36,1,9,6,1,9,False
no_obs,1,5,3,23,0.8039,0.8776,0.6606,0.8607,87.8,43,49,2,169.70,330.30,8,7,9,24,1,9,6,1,9,False
no_obs,1,5,3,24,0.7868,0.8571,0.6370,0.8765,85.7,42,49,1,181.50,318.50,8,7,9,24,1,9,6,1,9,False
no_obs,1,5,3,25,0.7793,0.8571,0.6134,0.8784,85.7,42,49,0,193.30,306.70,8,7,9,24,1,9,6,1,9,False
no_obs,1,5,3,26,0.7707,0.8571,0.5898,0.8718,85.7,42,49,0,205.10,294.90,8,7,9,24,1,9,6,1,9,False
no_obs,1,5,3,27,0.7637,0.8571,0.5662,0.8783,85.7,42,49,0,216.90,283.10,9,7,9,24,1,9,6,1,9,False
no_obs,1,5,3,28,0.7562,0.8571,0.5426,0.8809,85.7,42,49,0,228.70,271.30,8,7,9,24,1,9,6,1,9,False
no_obs,1,5,3,29,0.7362,0.8367,0.5190,0.8724,83.7,41,49,1,240.50,259.50,6,7,9,24,1,9,6,1,9,False
no_obs,1,5,3,30,0.7335,0.8367,0.4947,0.9169,83.7,41,49,0,252.65,247.35,6,7,9,24,1,9,6,1,9,False
minimal,1,1,1,1,0.9440,0.9184,0.9855,0.9470,100.0,45,45,0,7.25,492.75,8,10,9,48,1,9,20,1,9,False
minimal,1,1,1,2,0.9400,0.9184,0.9775,0.9358,100.0,45,45,0,11.25,488.75,8,10,9,48,1,9,20,1,9,False
minimal,1,1,1,3,0.9360,0.9184,0.9680,0.9290,100.0,45,45,0,16.00,484.00,8,10,9,48,1,9,20,1,9,False
minimal,1,1,1,4,0.9343,0.9184,0.9600,0.9368,100.0,45,45,0,20.00,480.00,8,10,5,48,1,9,20,1,6,False
minimal,1,1,1,5,0.9288,0.9184,0.9505,0.9165,100.0,45,45,0,24.75,475.25,8,10,5,48,1,9,20,1,6,False
minimal,1,1,1,6,0.9188,0.9184,0.9375,0.8693,100.0,45,45,0,31.25,468.75,8,10,5,48,1,9,20,1,6,False
minimal,1,1,1,7,0.9094,0.9184,0.9280,0.8173,100.0,45,45,0,36.00,464.00,8,10,5,48,1,9,20,1,6,False
minimal,1,1,1,8,0.9005,0.9184,0.9200,0.7647,100.0,45,45,0,40.00,460.00,8,10,5,48,1,9,20,1,6,False
minimal,1,1,1,9,0.8916,0.9184,0.9105,0.7168,100.0,45,45,0,44.75,455.25,8,10,5,48,1,9,20,1,6,False
minimal,1,1,1,10,0.8730,0.8980,0.9025,0.6773,97.8,44,45,1,48.75,451.25,8,15,5,48,1,9,20,1,6,False
minimal,1,1,1,11,0.8400,0.8571,0.8865,0.6336,93.3,42,45,2,56.75,443.25,12,10,7,48,1,9,20,1,6,False
minimal,1,1,1,12,0.8237,0.8163,0.8795,0.7038,88.9,40,45,2,60.25,439.75,12,10,7,48,1,9,20,1,6,False
minimal,1,1,1,13,0.8034,0.7755,0.8710,0.7451,84.4,38,45,2,64.50,435.50,12,15,7,48,1,9,20,1,6,False
minimal,1,1,1,14,0.7923,0.7551,0.8630,0.7682,82.2,37,45,1,68.50,431.50,12,15,6,48,1,9,20,1,5,False
minimal,1,1,1,15,0.7788,0.7347,0.8535,0.7759,80.0,36,45,1,73.25,426.75,12,15,6,48,1,9,20,1,5,False
minimal,1,1,1,16,0.7610,0.7143,0.8405,0.7568,77.8,35,45,1,79.75,420.25,12,15,6,48,1,9,20,1,5,False
minimal,1,1,1,17,0.7296,0.6735,0.8310,0.7084,73.3,33,45,2,84.50,415.50,12,20,6,48,1,9,15,1,5,False
minimal,1,1,1,18,0.7088,0.6531,0.8220,0.6534,71.1,32,45,1,89.00,411.00,12,25,6,48,1,9,15,1,5,False
minimal,1,1,1,19,0.6730,0.6122,0.8055,0.5875,66.7,30,45,2,97.25,402.75,12,30,6,48,1,9,15,1,5,False
minimal,1,1,1,20,0.6190,0.5306,0.7945,0.5411,57.8,26,45,4,102.75,397.25,12,30,6,48,1,9,15,2,5,False
minimal,1,1,1,21,0.5786,0.4898,0.7670,0.4671,53.3,24,45,2,116.50,383.50,12,30,6,48,1,9,15,2,5,False
minimal,1,1,1,22,0.5108,0.3878,0.7410,0.4416,42.2,19,45,5,129.50,370.50,12,30,6,48,1,9,15,2,5,False
minimal,1,1,1,23,0.4453,0.2653,0.7235,0.5050,28.9,13,45,6,138.25,361.75,12,30,7,48,1,9,10,2,5,False
minimal,1,1,1,24,0.4397,0.2245,0.6975,0.7169,24.4,11,45,2,151.25,348.75,12,30,7,48,1,9,10,2,5,False
minimal,1,1,1,25,0.4191,0.2041,0.6700,0.7147,22.2,10,45,1,165.00,335.00,12,30,7,48,1,9,10,2,5,False
minimal,1,1,1,26,0.4005,0.2041,0.6340,0.6588,22.2,10,45,0,183.00,317.00,12,30,7,48,1,9,10,2,6,False
minimal,1,1,1,27,0.3854,0.2041,0.6065,0.6087,22.2,10,45,0,196.75,303.25,12,30,7,48,1,9,10,2,6,False
minimal,1,1,1,28,0.3625,0.2041,0.5705,0.5167,22.2,10,45,0,214.75,285.25,12,30,7,48,1,9,6,2,5,False
minimal,1,1,1,29,0.3415,0.2041,0.5230,0.4721,22.2,10,45,0,238.50,261.50,12,30,7,48,1,9,6,2,5,False
minimal,1,1,1,30,0.3090,0.1837,0.4770,0.4213,20.0,9,45,1,261.50,238.50,12,30,7,48,1,9,6,2,5,False
minimal,1,2,1,1,0.9440,0.9184,0.9855,0.9478,100.0,45,45,0,7.25,492.75,8,10,9,48,1,9,20,1,9,False
minimal,1,2,1,2,0.9399,0.9184,0.9775,0.9353,100.0,45,45,0,11.25,488.75,8,10,9,48,1,9,20,1,9,False
minimal,1,2,1,3,0.9352,0.9184,0.9680,0.9223,100.0,45,45,0,16.00,484.00,8,10,9,48,1,9,20,1,9,False
minimal,1,2,1,4,0.9214,0.8980,0.9600,0.9231,97.8,44,45,1,20.00,480.00,8,10,9,48,1,9,20,1,9,False
minimal,1,2,1,5,0.9196,0.8980,0.9505,0.9335,97.8,44,45,0,24.75,475.25,8,10,9,48,1,9,20,1,9,False
minimal,1,2,1,6,0.9153,0.8980,0.9375,0.9334,97.8,44,45,0,31.25,468.75,8,10,9,48,1,9,20,1,9,False
minimal,1,2,1,7,0.9101,0.8980,0.9280,0.9166,97.8,44,45,0,36.00,464.00,8,10,9,48,1,9,20,1,9,False
minimal,1,2,1,8,0.9094,0.8980,0.9200,0.9324,97.8,44,45,0,40.00,460.00,8,10,9,48,1,9,20,1,9,False
minimal,1,2,1,9,0.9087,0.8980,0.9105,0.9533,97.8,44,45,0,44.75,455.25,8,10,9,48,1,9,20,1,9,False
minimal,1,2,1,10,0.9051,0.8980,0.9025,0.9448,97.8,44,45,0,48.75,451.25,8,10,9,48,1,9,20,1,9,False
minimal,1,2,1,11,0.9010,0.8980,0.8880,0.9511,97.8,44,45,0,56.00,444.00,8,10,9,48,1,9,20,1,9,False
minimal,1,2,1,12,0.8955,0.8980,0.8800,0.9272,97.8,44,45,0,60.00,440.00,8,10,5,48,1,5,20,1,5,False
minimal,1,2,1,13,0.8939,0.8980,0.8705,0.9394,97.8,44,45,0,64.75,435.25,8,10,5,48,1,5,20,1,5,False
minimal,1,2,1,14,0.8871,0.8980,0.8625,0.9052,97.8,44,45,0,68.75,431.25,8,10,5,48,1,5,20,1,5,False
minimal,1,2,1,15,0.8784,0.8980,0.8530,0.8586,97.8,44,45,0,73.50,426.50,8,10,5,48,1,5,20,1,5,False
minimal,1,2,1,16,0.8713,0.8980,0.8400,0.8354,97.8,44,45,0,80.00,420.00,8,10,5,48,1,5,20,1,5,False
minimal,1,2,1,17,0.8675,0.8980,0.8305,0.8294,97.8,44,45,0,84.75,415.25,8,10,5,48,1,5,20,1,5,False
minimal,1,2,1,18,0.8619,0.8980,0.8225,0.8053,97.8,44,45,0,88.75,411.25,8,10,5,48,1,5,20,1,5,False
minimal,1,2,1,19,0.8455,0.8776,0.8130,0.7878,95.6,43,45,1,93.50,406.50,8,10,5,48,1,5,20,1,5,False
minimal,1,2,1,20,0.8305,0.8571,0.8050,0.7789,93.3,42,45,1,97.50,402.50,8,10,5,48,1,5,20,1,5,False
minimal,1,2,1,21,0.7829,0.7755,0.7905,0.7960,84.4,38,45,4,104.75,395.25,8,12,5,48,1,5,20,1,5,False
minimal,1,2,1,22,0.7372,0.6939,0.7819,0.8132,75.6,34,45,4,109.05,390.95,6,20,5,48,1,5,20,1,5,False
minimal,1,2,1,23,0.7269,0.6735,0.7674,0.8602,73.3,33,45,1,116.30,383.70,6,20,5,48,1,5,20,1,5,False
minimal,1,2,1,24,0.7077,0.6531,0.7544,0.8300,71.1,32,45,1,122.80,377.20,6,20,5,48,1,5,20,1,5,False
minimal,1,2,1,25,0.7059,0.6531,0.7399,0.8544,71.1,32,45,0,130.05,369.95,6,20,5,48,1,5,20,1,5,False
minimal,1,2,1,26,0.6795,0.6122,0.7219,0.8713,66.7,30,45,2,139.05,360.95,6,20,5,48,1,5,20,1,5,False
minimal,1,2,1,27,0.6658,0.5918,0.7074,0.8902,64.4,29,45,1,146.30,353.70,6,20,5,48,1,5,20,1,5,False
minimal,1,2,1,28,0.6593,0.5918,0.6944,0.8723,64.4,29,45,0,152.80,347.20,6,20,5,48,1,5,20,1,5,False
minimal,1,2,1,29,0.6551,0.5918,0.6799,0.8767,64.4,29,45,0,160.05,339.95,6,20,5,48,1,5,20,1,5,False
minimal,1,2,1,30,0.6331,0.5510,0.6669,0.9167,60.0,27,45,2,166.55,333.45,6,20,5,48,1,5,20,1,5,False
minimal,1,3,1,1,0.9440,0.9184,0.9855,0.9477,100.0,45,45,0,7.25,492.75,8,10,9,48,1,9,20,1,9,False
minimal,1,3,1,2,0.9402,0.9184,0.9775,0.9379,100.0,45,45,0,11.25,488.75,8,10,9,48,1,9,20,1,9,False
minimal,1,3,1,3,0.9357,0.9184,0.9680,0.9266,100.0,45,45,0,16.00,484.00,8,10,9,48,1,9,20,1,9,False
minimal,1,3,1,4,0.9327,0.9184,0.9600,0.9235,100.0,45,45,0,20.00,480.00,8,10,5,48,1,5,20,1,5,False
minimal,1,3,1,5,0.9244,0.9184,0.9505,0.8805,100.0,45,45,0,24.75,475.25,8,10,5,48,1,5,20,1,5,False
minimal,1,3,1,6,0.9201,0.9184,0.9375,0.8799,100.0,45,45,0,31.25,468.75,8,10,5,48,1,5,20,1,5,False
minimal,1,3,1,7,0.9156,0.9184,0.9280,0.8688,100.0,45,45,0,36.00,464.00,8,10,5,48,1,5,20,1,5,False
minimal,1,3,1,8,0.9099,0.9184,0.9200,0.8430,100.0,45,45,0,40.00,460.00,8,10,5,48,1,5,20,1,5,False
minimal,1,3,1,9,0.8952,0.8980,0.9105,0.8403,97.8,44,45,1,44.75,455.25,8,10,5,48,1,5,20,1,5,False
minimal,1,3,1,10,0.8828,0.8776,0.9025,0.8523,95.6,43,45,1,48.75,451.25,8,10,5,48,1,5,20,1,5,False
minimal,1,3,1,11,0.8445,0.8163,0.8880,0.8542,88.9,40,45,3,56.00,444.00,8,10,5,48,1,5,20,1,5,False
minimal,1,3,1,12,0.8404,0.8163,0.8800,0.8415,88.9,40,45,0,60.00,440.00,8,10,5,48,1,5,20,1,5,False
minimal,1,3,1,13,0.8358,0.8163,0.8705,0.8293,88.9,40,45,0,64.75,435.25,8,10,5,48,1,5,20,1,5,False
minimal,1,3,1,14,0.8188,0.7959,0.8625,0.8039,86.7,39,45,1,68.75,431.25,8,10,5,48,1,5,20,1,5,False
minimal,1,3,1,15,0.8108,0.7959,0.8530,0.7631,86.7,39,45,0,73.50,426.50,8,10,5,48,1,5,20,1,5,False
minimal,1,3,1,16,0.7993,0.7959,0.8400,0.7031,86.7,39,45,0,80.00,420.00,8,12,5,48,1,5,20,1,5,False
minimal,1,3,1,17,0.7814,0.7755,0.8299,0.6751,84.4,38,45,1,85.05,414.95,8,12,5,48,1,5,20,1,5,False
minimal,1,3,1,18,0.7517,0.7347,0.8213,0.6383,80.0,36,45,2,89.35,410.65,8,15,5,48,1,5,20,1,5,False
minimal,1,3,1,19,0.7238,0.6939,0.8103,0.6233,75.6,34,45,2,94.85,405.15,6,20,5,48,1,5,15,1,5,False
minimal,1,3,1,20,0.7060,0.6735,0.7973,0.6040,73.3,33,45,1,101.35,398.65,6,20,5,48,1,5,15,1,5,False
minimal,1,3,1,21,0.6804,0.6122,0.7778,0.7249,66.7,30,45,3,111.10,388.90,6,20,5,48,1,5,15,1,5,False
minimal,1,3,1,22,0.6547,0.5918,0.7598,0.6538,64.4,29,45,1,120.10,379.90,6,20,5,48,1,5,15,1,5,False
minimal,1,3,1,23,0.6224,0.5510,0.7453,0.6112,60.0,27,45,2,127.35,372.65,6,20,5,48,1,5,15,1,5,False
minimal,1,3,1,24,0.5855,0.4898,0.7273,0.6343,53.3,24,45,3,136.35,363.65,6,20,5,48,1,5,15,1,5,False
minimal,1,3,1,25,0.5388,0.4082,0.7128,0.6591,44.4,20,45,4,143.60,356.40,6,20,5,48,1,5,15,1,5,False
minimal,1,3,1,26,0.5189,0.3878,0.6948,0.6366,42.2,19,45,1,152.60,347.40,6,20,5,48,1,5,15,1,5,False
minimal,1,3,1,27,0.4970,0.3673,0.6753,0.6010,40.0,18,45,1,162.35,337.65,6,20,5,48,1,5,15,1,5,False
minimal,1,3,1,28,0.4418,0.2857,0.6623,0.5504,31.1,14,45,4,168.85,331.15,6,25,9,48,1,5,15,1,5,False
minimal,1,3,1,29,0.4214,0.2449,0.6408,0.6266,26.7,12,45,2,179.60,320.40,5,30,9,48,1,5,12,1,5,False
minimal,1,3,1,30,0.3992,0.2245,0.6188,0.5962,24.4,11,45,1,190.60,309.40,5,30,9,48,1,5,12,1,5,False
minimal,1,4,1,1,0.9428,0.9184,0.9855,0.9369,100.0,45,45,0,7.25,492.75,8,10,9,48,1,9,20,1,9,False
minimal,1,4,1,2,0.9403,0.9184,0.9775,0.9383,100.0,45,45,0,11.25,488.75,8,10,9,48,1,9,20,1,9,False
minimal,1,4,1,3,0.9356,0.9184,0.9680,0.9254,100.0,45,45,0,16.00,484.00,8,10,9,48,1,9,20,1,9,False
minimal,1,4,1,4,0.9321,0.9184,0.9600,0.9180,100.0,45,45,0,20.00,480.00,8,10,9,48,1,9,20,1,9,False
minimal,1,4,1,5,0.9304,0.9184,0.9505,0.9300,100.0,45,45,0,24.75,475.25,8,10,9,48,1,9,20,1,9,False
minimal,1,4,1,6,0.9261,0.9184,0.9375,0.9299,100.0,45,45,0,31.25,468.75,8,10,9,48,1,9,20,1,9,False
minimal,1,4,1,7,0.9217,0.9184,0.9280,0.9198,100.0,45,45,0,36.00,464.00,8,10,9,48,1,9,20,1,9,False
minimal,1,4,1,8,0.9196,0.9184,0.9200,0.9242,100.0,45,45,0,40.00,460.00,8,10,9,48,1,9,20,1,9,False
minimal,1,4,1,9,0.9146,0.9184,0.9105,0.9088,100.0,45,45,0,44.75,455.25,8,10,9,48,1,9,20,1,9,False
minimal,1,4,1,10,0.9106,0.9184,0.9025,0.8976,100.0,45,45,0,48.75,451.25,8,10,9,48,1,9,20,1,9,False
minimal,1,4,1,11,0.9061,0.9184,0.8880,0.8994,100.0,45,45,0,56.00,444.00,8,10,9,48,1,9,20,1,9,False
minimal,1,4,1,12,0.8898,0.8980,0.8800,0.8792,97.8,44,45,1,60.00,440.00,8,10,9,48,1,9,20,1,9,False
minimal,1,4,1,13,0.8853,0.8980,0.8705,0.8681,97.8,44,45,0,64.75,435.25,8,10,9,48,1,9,20,1,9,False
minimal,1,4,1,14,0.8844,0.8980,0.8625,0.8823,97.8,44,45,0,68.75,431.25,8,10,9,48,1,9,20,1,9,False
minimal,1,4,1,15,0.8819,0.8980,0.8530,0.8875,97.8,44,45,0,73.50,426.50,8,10,9,48,1,9,20,1,9,False
minimal,1,4,1,16,0.8794,0.8980,0.8400,0.9025,97.8,44,45,0,80.00,420.00,8,10,9,48,1,9,20,1,9,False
minimal,1,4,1,17,0.8763,0.8980,0.8305,0.9033,97.8,44,45,0,84.75,415.25,8,10,9,48,1,9,20,1,9,False
minimal,1,4,1,18,0.8739,0.8980,0.8225,0.9046,97.8,44,45,0,88.75,411.25,8,10,9,48,1,9,20,1,9,False
minimal,1,4,1,19,0.8699,0.8980,0.8130,0.8975,97.8,44,45,0,93.50,406.50,8,10,9,48,1,9,20,1,9,False
minimal,1,4,1,20,0.8674,0.8980,0.8050,0.8992,97.8,44,45,0,97.50,402.50,8,10,9,48,1,9,20,1,9,False
minimal,1,4,1,21,0.8611,0.8980,0.7905,0.8862,97.8,44,45,0,104.75,395.25,8,10,9,48,1,9,20,1,9,False
minimal,1,4,1,22,0.8581,0.8980,0.7825,0.8830,97.8,44,45,0,108.75,391.25,8,10,5,48,1,5,20,1,5,False
minimal,1,4,1,23,0.8391,0.8776,0.7730,0.8449,95.6,43,45,1,113.50,386.50,8,10,5,48,1,5,20,1,5,False
minimal,1,4,1,24,0.8221,0.8571,0.7650,0.8188,93.3,42,45,1,117.50,382.50,8,10,5,48,1,5,20,1,5,False
minimal,1,4,1,25,0.7894,0.8163,0.7555,0.7589,88.9,40,45,2,122.25,377.75,8,10,5,48,1,5,20,1,5,False
minimal,1,4,1,26,0.7674,0.7959,0.7425,0.7051,86.7,39,45,1,128.75,371.25,8,10,5,48,1,5,20,1,5,False
minimal,1,4,1,27,0.7576,0.7959,0.7330,0.6494,86.7,39,45,0,133.50,366.50,8,15,5,48,1,5,20,1,5,False
minimal,1,4,1,28,0.7311,0.7551,0.7235,0.6422,82.2,37,45,2,138.25,361.75,4,15,9,48,1,5,20,1,5,False
minimal,1,4,1,29,0.7501,0.7551,0.7080,0.8431,82.2,37,45,0,146.00,354.00,4,15,9,48,1,5,20,1,5,False
minimal,1,4,1,30,0.7395,0.7347,0.6940,0.8870,80.0,36,45,1,153.00,347.00,4,15,9,48,1,5,20,1,5,False
minimal,1,5,1,1,0.9438,0.9184,0.9855,0.9460,100.0,45,45,0,7.25,492.75,8,10,9,48,1,9,20,1,9,False
minimal,1,5,1,2,0.9399,0.9184,0.9775,0.9349,100.0,45,45,0,11.25,488.75,8,10,9,48,1,9,20,1,9,False
minimal,1,5,1,3,0.9350,0.9184,0.9680,0.9203,100.0,45,45,0,16.00,484.00,8,10,9,48,1,9,20,1,9,False
minimal,1,5,1,4,0.9322,0.9184,0.9600,0.9188,100.0,45,45,0,20.00,480.00,8,10,7,48,1,5,20,1,6,False
minimal,1,5,1,5,0.9167,0.8980,0.9505,0.9100,97.8,44,45,1,24.75,475.25,8,10,7,48,1,5,20,1,6,False
minimal,1,5,1,6,0.9085,0.8980,0.9375,0.8769,97.8,44,45,0,31.25,468.75,8,10,7,48,1,5,20,1,6,False
minimal,1,5,1,7,0.9025,0.8980,0.9280,0.8530,97.8,44,45,0,36.00,464.00,8,10,7,48,1,5,20,1,6,False
minimal,1,5,1,8,0.8995,0.8980,0.9200,0.8503,97.8,44,45,0,40.00,460.00,8,10,7,48,1,5,20,1,6,False
minimal,1,5,1,9,0.8735,0.8571,0.9105,0.8468,93.3,42,45,2,44.75,455.25,8,10,7,48,1,5,20,1,6,False
minimal,1,5,1,10,0.8585,0.8367,0.9025,0.8373,91.1,41,45,1,48.75,451.25,8,10,7,48,1,5,20,1,6,False
minimal,1,5,1,11,0.8412,0.8163,0.8880,0.8262,88.9,40,45,1,56.00,444.00,8,10,7,48,1,5,20,1,6,False
minimal,1,5,1,12,0.8239,0.7959,0.8800,0.7977,86.7,39,45,1,60.00,440.00,8,10,7,48,1,5,20,1,6,False
minimal,1,5,1,13,0.7974,0.7551,0.8705,0.7901,82.2,37,45,2,64.75,435.25,8,10,7,48,1,5,20,1,6,False
minimal,1,5,1,14,0.7708,0.7143,0.8625,0.7777,77.8,35,45,2,68.75,431.25,8,10,7,48,1,5,20,1,6,False
minimal,1,5,1,15,0.7528,0.6939,0.8530,0.7475,75.6,34,45,1,73.50,426.50,8,12,7,48,1,5,20,1,6,False
minimal,1,5,1,16,0.7248,0.6327,0.8394,0.8319,68.9,31,45,3,80.30,419.70,8,12,7,48,1,5,20,1,6,False
minimal,1,5,1,17,0.7011,0.5918,0.8293,0.8495,64.4,29,45,2,85.35,414.65,8,12,7,48,1,5,20,1,6,False
minimal,1,5,1,18,0.6976,0.5918,0.8207,0.8442,64.4,29,45,0,89.65,410.35,8,12,7,48,1,5,20,1,6,False
minimal,1,5,1,19,0.6513,0.5102,0.8106,0.8596,55.6,25,45,4,94.70,405.30,8,12,7,48,1,5,20,1,6,False
minimal,1,5,1,20,0.6483,0.5102,0.8020,0.8586,55.6,25,45,0,99.00,401.00,8,12,7,48,1,5,20,1,6,False
minimal,1,5,1,21,0.6117,0.4490,0.7869,0.8755,48.9,22,45,3,106.55,393.45,8,12,7,48,1,5,20,1,6,False
minimal,1,5,1,22,0.5973,0.4286,0.7783,0.8731,46.7,21,45,1,110.85,389.15,8,12,7,48,1,5,20,1,6,False
minimal,1,5,1,23,0.5679,0.3878,0.7682,0.8428,42.2,19,45,2,115.90,384.10,8,12,7,48,1,5,20,1,6,False
minimal,1,5,1,24,0.5641,0.3878,0.7596,0.8350,42.2,19,45,0,120.20,379.80,8,12,7,48,1,5,20,1,6,False
minimal,1,5,1,25,0.5395,0.3469,0.7495,0.8442,37.8,17,45,2,125.25,374.75,8,12,9,48,1,5,20,1,6,False
minimal,1,5,1,26,0.5127,0.3061,0.7359,0.8460,33.3,15,45,2,132.05,367.95,8,12,9,48,1,5,20,1,6,False
minimal,1,5,1,27,0.5013,0.2857,0.7258,0.8719,31.1,14,45,1,137.10,362.90,8,12,9,48,1,5,20,1,6,False
minimal,1,5,1,28,0.5012,0.2857,0.7172,0.8950,31.1,14,45,0,141.40,358.60,8,12,9,48,1,5,20,1,6,False
minimal,1,5,1,29,0.4978,0.2857,0.7071,0.8945,31.1,14,45,0,146.45,353.55,8,12,9,48,1,5,20,1,6,False
minimal,1,5,1,30,0.4946,0.2857,0.6985,0.8913,31.1,14,45,0,150.75,349.25,8,12,9,48,1,5,20,1,6,False
